"sold","date_auctn","years_old","rpremium","rhammer","rlow","rhigh","ravg","artist","medium","height","width","inchsq","signed","creation","age","yob","date","trend","da1","da2","da3","da4","da5","da6","da8","dm0","dm1","dm2","dm3","dm4","dm5","dm6","dm7","dm8","dm9","drec","d8791","d9296","d9700","d0104","d0508"
1,2008.75,104.75,0.21658,0.17327,0.18277,0.27416,0.22846,1,7,8,10.13,81.04,1,1904,39,1865,2008.09,7926,1,0,0,0,0,0,0,0,0,0,0,0,1,0,0,0,0,1,0,0,0,0,1
0,2008.42004394531,101.419998168945,,,55.73515,83.60272,69.66893,1,2,21.2,15.5,328.6,1,1907,42,1865,2008.05,7812,1,0,0,0,0,0,0,0,0,1,0,0,0,0,0,0,0,1,0,0,0,0,1
0,2007.92004394531,105.919998168945,,,7.11541,11.85902,9.48722,1,2,8,10,80,1,1902,37,1865,2007.11,7638,1,0,0,0,0,0,0,0,0,1,0,0,0,0,0,0,0,0,0,0,0,0,1
1,2007.92004394531,86.9199981689453,285.09084,254.54539,237.1804,332.05256,284.61648,1,2,24,20,480,1,1921,56,1865,2007.11,7638,1,0,0,0,0,0,0,0,0,1,0,0,0,0,0,0,0,0,0,0,0,0,1
1,2007.92004394531,84.9199981689453,364.78345,325.69951,142.30824,237.1804,189.74432,1,2,32.2,26.2,843.64,1,1923,58,1865,2007.11,7610,1,0,0,0,0,0,0,0,0,1,0,0,0,0,0,0,0,0,0,0,0,0,1
1,2007.92004394531,82.9199981689453,187.84688,156.53906,47.43608,71.15412,59.2951,1,2,41,33,1353,1,1925,60,1865,2007.11,7637,1,0,0,0,0,0,0,0,0,1,0,0,0,0,0,0,0,0,0,0,0,0,1
1,2007.75,93.75,17.9309,14.94241,9.59384,14.39077,11.99231,1,2,9,10.75,96.75,1,1914,49,1865,2007.09,7571,1,0,0,0,0,0,0,0,0,1,0,0,0,0,0,0,0,0,0,0,0,0,1
1,2007.75,98.75,0.57563,0.4605,0.95938,1.43908,1.19923,1,2,12.75,15.5,197.625,1,1909,44,1865,2007.09,7563,1,0,0,0,0,0,0,0,0,1,0,0,0,0,0,0,0,0,0,0,0,0,1
1,2007.5,92.5,1.27134,1.05945,0.48157,0.72235,0.60196,1,7,13,10.5,136.5,1,1915,50,1865,2007.06,7463,1,0,0,0,0,0,0,0,0,0,0,0,1,0,0,0,0,0,0,0,0,0,1
0,2007.42004394531,105.419998168945,,,12.08821,16.9235,14.50586,1,2,26,32.2,837.2,0,1902,37,1865,2007.05,7449,1,0,0,0,0,0,0,0,0,1,0,0,0,0,0,0,0,0,0,0,0,0,1
1,2007.42004394531,83.4199981689453,261.10544,227.04821,120.88215,169.23501,145.05858,1,2,24,20,480,1,1924,59,1865,2007.05,7448,1,0,0,0,0,0,0,0,0,1,0,0,0,0,0,0,0,0,0,0,0,0,1
1,2007.42004394531,81.4199981689453,214.6867,186.68408,96.70572,145.05858,120.88215,1,2,23.5,19.7,462.95,1,1926,61,1865,2007.05,7448,1,0,0,0,0,0,0,0,0,1,0,0,0,0,0,0,0,0,0,0,0,0,1
1,2007.42004394531,95.4199981689453,55.12226,47.9324,29.01172,38.68229,33.847,1,2,24,20,480,1,1912,47,1865,2007.05,7448,1,0,0,0,0,0,0,0,0,1,0,0,0,0,0,0,0,0,0,0,0,0,1
1,2007.42004394531,92.4199981689453,46.41875,40.36413,48.35286,72.52929,60.44107,1,2,24,20,480,1,1915,50,1865,2007.05,7448,1,0,0,0,0,0,0,0,0,1,0,0,0,0,0,0,0,0,0,0,0,0,1
1,2007.42004394531,109.419998168945,37.71523,32.79585,12.08821,21.75879,16.9235,1,2,25.75,32.1,826.575,0,1898,33,1865,2007.05,7447,1,0,0,0,0,0,0,0,0,1,0,0,0,0,0,0,0,0,0,0,0,0,1
1,2007.32995605469,81.3300018310547,0.81549,0.67958,0.33979,0.43687,0.38833,1,0,16,11.75,188,1,1926,61,1865,2007.04,7416,1,0,0,0,0,0,0,1,0,0,0,0,0,0,0,0,0,0,0,0,0,0,1
1,2006.92004394531,91.9199981689453,100.9901,87.81748,99.0099,148.51485,123.76238,1,2,24,20,480,1,1915,50,1865,2006.11,7274,1,0,0,0,0,0,0,0,0,1,0,0,0,0,0,0,0,0,0,0,0,0,1
1,2006.92004394531,108.919998168945,38.61386,33.57727,4.9505,7.42574,6.18812,1,2,6.2,9.2,57.04,1,1898,33,1865,2006.11,7273,1,0,0,0,0,0,0,0,0,1,0,0,0,0,0,0,0,0,0,0,0,0,1
1,2006.92004394531,82.9199981689453,224.15842,194.92036,74.25743,99.0099,86.63366,1,2,24,20,480,1,1924,59,1865,2006.11,7273,1,0,0,0,0,0,0,0,0,1,0,0,0,0,0,0,0,0,0,0,0,0,1
1,2006.5,108.5,22.79485,19.82161,34.68781,49.55401,42.12091,1,2,24,20.5,492,1,1898,33,1865,2006.06,7111,1,0,0,0,0,0,0,0,0,1,0,0,0,0,0,0,0,0,0,0,0,0,1
1,2006.42004394531,93.4199981689453,169.29955,147.217,99.3542,149.0313,124.19275,1,2,24,20,480,1,1913,48,1865,2006.05,7085,1,0,0,0,0,0,0,0,0,1,0,0,0,0,0,0,0,0,0,0,0,0,1
1,2006.42004394531,91.4199981689453,35.76751,31.10218,29.80626,39.74168,34.77397,1,2,24,20,480,1,1915,50,1865,2006.05,7084,1,0,0,0,0,0,0,0,0,1,0,0,0,0,0,0,0,0,0,0,0,0,1
1,2006.42004394531,107.419998168945,10.13413,8.81229,9.93542,14.90313,12.41927,1,2,26.7,32,854.4,1,1899,34,1865,2006.05,7083,1,0,0,0,0,0,0,0,0,1,0,0,0,0,0,0,0,0,0,0,0,0,1
1,2005.92004394531,104.919998168945,12.11509,10.53486,4.03836,6.05755,5.04796,1,2,6.2,9.3,57.66,1,1901,36,1865,2005.11,6909,1,0,0,0,0,0,0,0,0,1,0,0,0,0,0,0,0,0,0,0,0,0,1
1,2005.75,99.75,11.46881,9.97288,7.54527,12.57545,10.06036,1,2,26.2,32,838.4,0,1906,41,1865,2005.09,6833,1,0,0,0,0,0,0,0,0,1,0,0,0,0,0,0,0,0,0,0,0,0,1
1,2005.42004394531,93.4199981689453,0.38636,0.32197,0.20661,0.41322,0.30992,1,9,13.4,10,134,1,1912,47,1865,2005.05,6717,1,0,0,0,0,0,0,0,0,0,0,0,0,0,1,0,0,0,0,0,0,0,1
1,2005.25,93.25,0.28586,0.23822,0.15536,0.25893,0.20715,1,7,13.2,10,132,1,1912,47,1865,2005.03,6647,1,0,0,0,0,0,0,0,0,0,0,0,1,0,0,0,0,0,0,0,0,0,1
1,2005,79,237.61085,206.61813,104.32968,156.49452,130.4121,1,2,24,20,480,1,1926,61,1865,2004.12,6546,1,0,0,0,0,0,0,0,0,1,0,0,0,0,0,0,0,0,0,0,0,1,0
1,2005,91,185.28951,161.12132,156.49452,260.8242,208.65936,1,2,24,20,480,1,1914,49,1865,2004.12,6545,1,0,0,0,0,0,0,0,0,1,0,0,0,0,0,0,0,0,0,0,0,1,0
0,2004.42004394531,98.4199981689453,,,53.13496,79.70244,66.4187,1,2,28.7,21.5,617.05,0,1906,41,1865,2004.05,6348,1,0,0,0,0,0,0,0,0,1,0,0,0,0,0,0,0,0,0,0,0,1,0
0,2004.42004394531,98.4199981689453,,,15.94049,26.56748,21.25399,1,2,26.2,32,838.4,0,1906,41,1865,2004.05,6348,1,0,0,0,0,0,0,0,0,1,0,0,0,0,0,0,0,0,0,0,0,1,0
1,2004,111,27.0566,23.52748,10.78167,16.17251,13.47709,1,2,18.2,24.2,440.44,0,1893,28,1865,2003.12,6182,1,0,0,0,0,0,0,0,0,1,0,0,0,0,0,0,0,0,0,0,0,1,0
1,2003.82995605469,104.830001831055,5.17036,8.8046,4.32666,6.48999,5.40833,1,2,4,6.1,24.4,1,1899,34,1865,2003.1,6147,1,0,0,0,0,0,0,0,0,1,0,0,0,0,0,0,0,0,0,0,0,1,0
1,2003.5,109.5,1.65811,2.82359,0.54615,0.81922,0.68269,1,3,9,6,54,0,1894,29,1865,2003.06,6000,1,0,0,0,0,0,0,0,0,0,1,0,0,0,0,0,0,0,0,0,0,1,0
1,2003.42004394531,81.4199981689453,261.5637,465.23187,68.34336,95.6807,82.01203,1,2,24,20,480,1,1922,57,1865,2003.05,5985,1,0,0,0,0,0,0,0,0,1,0,0,0,0,0,0,0,0,0,0,0,1,0
1,2003.42004394531,85.4199981689453,9.18535,7.98726,5.46747,8.2012,6.83434,1,4,12.5,19.7,246.25,1,1918,53,1865,2003.05,5985,1,0,0,0,0,0,0,0,0,0,0,1,0,0,0,0,0,0,0,0,0,1,0
1,2003.42004394531,85.4199981689453,7.87315,13.40718,5.46747,8.2012,6.83434,1,4,12,20,240,1,1918,53,1865,2003.05,5985,1,0,0,0,0,0,0,0,0,0,0,1,0,0,0,0,0,0,0,0,0,1,0
0,2002.92004394531,114.919998168945,,,1.10193,2.20386,1.65289,1,8,5,7,35,1,1888,23,1865,2002.11,5805,1,0,0,0,0,0,0,0,0,0,0,0,0,1,0,0,0,0,0,0,0,1,0
1,2002.42004394531,85.4199981689453,26.62953,23.15611,16.71309,27.85515,22.28412,1,2,18.2,22,400.4,1,1917,52,1865,2002.05,5621,1,0,0,0,0,0,0,0,0,1,0,0,0,0,0,0,0,0,0,0,0,1,0
0,2002.32995605469,84.3300018310547,,,27.88622,41.82934,34.85778,1,2,26,32,832,1,1918,53,1865,2002.04,5594,1,0,0,0,0,0,0,0,0,1,0,0,0,0,0,0,0,0,0,0,0,1,0
1,2001.92004394531,73.9199981689453,36.41127,31.66197,39.43662,56.33803,47.88732,1,2,28.3,20.1,568.83,1,1928,63,1865,2001.11,5447,1,0,0,0,0,0,0,0,0,1,0,0,0,0,0,0,0,1,0,0,0,1,0
1,2001.25,98.25,6.2067,10.56938,1.13572,2.27144,1.70358,1,2,5.7,8,45.6,1,1903,38,1865,2001.03,5182,1,0,0,0,0,0,0,0,0,1,0,0,0,0,0,0,0,1,0,0,0,1,0
1,2000.92004394531,93.9199981689453,30.35591,26.39645,28.70264,40.1837,34.44317,1,2,19.2,15,288,1,1907,42,1865,2000.11,2082,1,0,0,0,0,0,0,0,0,1,0,0,0,0,0,0,0,0,0,1,0,0,0
0,2000,81,,,47.39336,71.09005,59.24171,1,2,24,20,480,1,1919,54,1865,1999.12,4718,1,0,0,0,0,0,0,0,0,1,0,0,0,0,0,0,0,0,0,0,1,0,0
1,2000,85,66.64692,60.58811,59.24171,88.86256,74.05213,1,2,24,20,480,1,1915,50,1865,1999.12,4718,1,0,0,0,0,0,0,0,0,1,0,0,0,0,0,0,0,0,0,0,1,0,0
1,1999.82995605469,81.8300018310547,10.26175,8.92326,3.5693,4.75907,4.16419,1,4,12.5,20,250,1,1918,53,1865,1999.1,4683,1,0,0,0,0,0,0,0,0,0,0,1,0,0,0,0,0,0,0,0,1,0,0
1,1999.42004394531,83.4199981689453,150.60241,136.91128,60.24096,90.36145,75.3012,1,2,24,20,480,1,1916,51,1865,1999.05,4530,1,0,0,0,0,0,0,0,0,1,0,0,0,0,0,0,0,0,0,0,1,0,0
1,1999.25,93.25,2.44235,2.12379,2.42718,3.64078,3.03398,1,2,4.8,6,28.8,1,1906,41,1865,1999.03,4472,1,0,0,0,0,0,0,0,0,1,0,0,0,0,0,0,0,0,0,0,1,0,0
1,1999.25,97.25,19.19296,16.68953,9.10194,15.1699,12.13592,1,2,26,32,832,1,1902,37,1865,1999.03,4453,1,0,0,0,0,0,0,0,0,1,0,0,0,0,0,0,0,0,0,0,1,0,0
1,1998.42004394531,73.4199981689453,75.95326,69.04842,49.20049,73.80074,61.50062,1,2,24,20,480,1,1925,60,1865,1998.05,4158,1,0,0,0,0,0,0,0,0,1,0,0,0,0,0,0,0,0,0,0,1,0,0
0,1998.42004394531,71.4199981689453,,,92.25092,153.75154,123.00123,1,2,28.1,20.1,564.81,1,1927,62,1865,1998.05,4158,1,0,0,0,0,0,0,0,0,1,0,0,0,0,0,0,0,0,0,0,1,0,0
0,1998.32995605469,73.3300018310547,,,12.33046,18.49568,15.41307,1,2,32,26,832,1,1925,60,1865,1998.04,4137,1,0,0,0,0,0,0,0,0,1,0,0,0,0,0,0,0,0,0,0,1,0,0
1,1998.32995605469,99.3300018310547,28.36005,24.66091,6.16523,12.33046,9.24784,1,2,27,33,891,1,1899,34,1865,1998.04,4131,1,0,0,0,0,0,0,0,0,1,0,0,0,0,0,0,0,0,0,0,1,0,0
0,1998,79,,,61.8047,92.70705,77.25587,1,2,24,20,480,1,1919,54,1865,1997.12,3990,1,0,0,0,0,0,0,0,0,1,0,0,0,0,0,0,0,0,0,0,1,0,0
0,1998,89,,,77.25587,108.15822,92.70705,1,2,77,37,2849,1,1909,44,1865,1997.12,3990,1,0,0,0,0,0,0,0,0,1,0,0,0,0,0,0,0,0,0,0,1,0,0
1,1997,86,98.36581,89.42346,94.28033,125.7071,109.99371,1,2,77,37,2849,1,1911,46,1865,1996.12,3627,1,0,0,0,0,0,0,0,0,1,0,0,0,0,0,0,0,0,0,1,0,0,0
1,1997,71,23.85292,20.74167,18.85607,31.42678,25.14142,1,2,60,40.5,2430,1,1926,61,1865,1996.12,3626,1,0,0,0,0,0,0,0,0,1,0,0,0,0,0,0,0,0,0,1,0,0,0
1,1996.42004394531,86.4199981689453,25.73529,22.37852,9.59079,15.98465,12.78772,1,2,24.2,20,484,1,1910,45,1865,1996.05,3430,1,0,0,0,0,0,0,0,0,1,0,0,0,0,0,0,0,0,0,1,0,0,0
1,1996.25,95.25,13.3119,11.57556,6.43087,9.6463,8.03859,1,2,14.2,10.5,149.1,1,1901,36,1865,1996.03,3361,1,0,0,0,0,0,0,0,0,1,0,0,0,0,0,0,0,0,0,1,0,0,0
1,1996.25,85.25,8.13505,7.07395,3.21543,4.50161,3.85852,1,2,15,11.7,175.5,1,1911,46,1865,1996.03,3360,1,0,0,0,0,0,0,0,0,1,0,0,0,0,0,0,0,0,0,1,0,0,0
1,1995.75,71.75,0.35924,0.31238,0.32658,0.45722,0.3919,1,7,6.5,3.7,24.05,1,1924,59,1865,1995.09,3181,1,0,0,0,0,0,0,0,0,0,0,0,1,0,0,0,0,0,0,1,0,0,0
0,1996.75,98.75,,,12.68231,19.02346,15.85289,1,2,26,32,832,1,1898,33,1865,1996.09,3545,1,0,0,0,0,0,0,0,0,1,0,0,0,0,0,0,0,0,0,1,0,0,0
0,1995,71,,,99.93338,166.55563,133.2445,1,2,32,26,832,1,1924,59,1865,1994.12,2892,1,0,0,0,0,0,0,0,0,1,0,0,0,0,0,0,0,0,0,1,0,0,0
0,1995,85,,,46.63558,59.96003,53.2978,1,2,32,26.2,838.4,1,1910,45,1865,1994.12,2892,1,0,0,0,0,0,0,0,0,1,0,0,0,0,0,0,0,0,0,1,0,0,0
1,1994.42004394531,98.4199981689453,8.57627,7.45763,5.42373,8.13559,6.77966,1,2,4.5,6.7,30.15,1,1896,31,1865,1994.05,2702,1,0,0,0,0,0,0,0,0,1,0,0,0,0,0,0,0,0,0,1,0,0,0
1,1994,70,88.17498,80.15908,54.68216,82.02324,68.3527,1,2,24.2,20.3,491.26,1,1924,59,1865,1993.12,2528,1,0,0,0,0,0,0,0,0,1,0,0,0,0,0,0,0,0,0,1,0,0,0
1,1994,66,69.37799,63.0709,47.84689,61.51743,54.68216,1,2,28,20,560,1,1928,63,1865,1993.12,2527,1,0,0,0,0,0,0,0,0,1,0,0,0,0,0,0,0,0,0,1,0,0,0
1,1993.75,91.75,6.71586,5.83988,3.44828,4.82759,4.13793,1,2,8,10,80,1,1902,37,1865,1993.09,2458,1,0,0,0,0,0,0,0,0,1,0,0,0,0,0,0,0,0,0,1,0,0,0
1,1993.42004394531,65.4199981689453,81.83079,74.39163,55.4785,83.21775,69.34813,1,2,28,20.1,562.8,1,1928,63,1865,1993.05,2339,1,0,0,0,0,0,0,0,0,1,0,0,0,0,0,0,0,0,0,1,0,0,0
1,1993.42004394531,79.4199981689453,230.58252,209.62048,208.04438,277.39251,242.71845,1,2,41,33,1353,1,1914,49,1865,1993.05,2338,1,0,0,0,0,0,0,0,0,1,0,0,0,0,0,0,0,0,0,1,0,0,0
1,1993,69,243.49965,221.36332,56.21926,84.32888,70.27407,1,2,24,20,480,1,1924,59,1865,1992.12,2165,1,0,0,0,0,0,0,0,0,1,0,0,0,0,0,0,0,0,0,1,0,0,0
1,1993,72,69.57133,63.24666,35.13703,49.19185,42.16444,1,2,24,20.7,496.8,1,1921,56,1865,1992.12,2165,1,0,0,0,0,0,0,0,0,1,0,0,0,0,0,0,0,0,0,1,0,0,0
1,1993,90,17.00632,15.4603,10.54111,17.56852,14.05481,1,2,15,19,285,0,1903,38,1865,1992.12,2164,1,0,0,0,0,0,0,0,0,1,0,0,0,0,0,0,0,0,0,1,0,0,0
1,1993,69,68.44694,62.22449,28.10963,42.16444,35.13703,1,2,32.2,26,837.2,1,1924,59,1865,1992.12,2164,1,0,0,0,0,0,0,0,0,1,0,0,0,0,0,0,0,0,0,1,0,0,0
1,1993,68,2.76779,2.51618,1.43781,2.15672,1.79727,1,3,12,16,192,1,1925,60,1865,1992.12,1898,1,0,0,0,0,0,0,0,0,0,1,0,0,0,0,0,0,0,0,1,0,0,0
0,1992,86,,,144.7178,217.0767,180.89725,1,2,78.2,42.2,3300.04,1,1906,41,1865,1991.12,1801,1,0,0,0,0,0,0,0,0,1,0,0,0,0,0,0,0,0,1,0,0,0,0
1,1992,80,75.61505,68.74096,43.41534,65.12301,54.26918,1,2,32,26,832,1,1912,47,1865,1991.12,1800,1,0,0,0,0,0,0,0,0,1,0,0,0,0,0,0,0,0,1,0,0,0,0
1,1990.42004394531,91.4199981689453,17.04105,15.49187,15.49187,23.2378,19.36483,1,2,26,32,832,1,1899,34,1865,1990.05,1240,1,0,0,0,0,0,0,0,0,1,0,0,0,0,0,0,0,0,1,0,0,0,0
1,1987.42004394531,97.4199981689453,13.62832,12.38938,6.19469,7.9646,7.07965,1,2,15.7,10.2,160.14,1,1890,25,1865,1987.05,149,1,0,0,0,0,0,0,0,0,1,0,0,0,0,0,0,0,0,1,0,0,0,0
1,1987.42004394531,96.4199981689453,12.65487,11.50442,7.07965,10.61947,8.84956,1,2,10.3,18.2,187.46,1,1891,26,1865,1987.05,149,1,0,0,0,0,0,0,0,0,1,0,0,0,0,0,0,0,0,1,0,0,0,0
1,1987.42004394531,96.4199981689453,48.67257,44.24779,8.84956,13.27434,11.06195,1,2,10.5,15.7,164.85,1,1891,26,1865,1987.05,149,1,0,0,0,0,0,0,0,0,1,0,0,0,0,0,0,0,0,1,0,0,0,0
1,1987.42004394531,91.4199981689453,27.25664,24.77876,22.12389,39.82301,30.97345,1,2,25.5,31.7,808.35,1,1896,31,1865,1987.05,149,1,0,0,0,0,0,0,0,0,1,0,0,0,0,0,0,0,0,1,0,0,0,0
1,2008.82995605469,82.8300018310547,0.17978,0.14383,0.36878,0.55317,0.46098,2,1,9.5,12.5,118.75,1,1926,64,1862,2008.1,7956,0,1,0,0,0,0,0,0,1,0,0,0,0,0,0,0,0,1,0,0,0,0,1
1,2008.5,83.5,0.63296,0.50636,0.46033,0.6905,0.57541,2,0,9.25,12.5,115.625,0,1925,63,1862,2008.06,7834,0,1,0,0,0,0,0,1,0,0,0,0,0,0,0,0,0,1,0,0,0,0,1
1,2008.42004394531,83.4199981689453,4.06402,3.25122,1.39338,2.3223,1.85784,2,2,24,20,480,1,1925,63,1862,2008.05,7811,0,1,0,0,0,0,0,0,0,1,0,0,0,0,0,0,0,1,0,0,0,0,1
0,2008.42004394531,83.4199981689453,,,0.69669,1.16115,0.92892,2,0,12,9,108,1,1925,63,1862,2008.05,7799,0,1,0,0,0,0,0,1,0,0,0,0,0,0,0,0,0,1,0,0,0,0,1
0,2008,83,,,0.7095,1.1825,0.946,2,1,12,9,108,1,1925,63,1862,2007.12,7645,0,1,0,0,0,0,0,0,1,0,0,0,0,0,0,0,0,1,0,0,0,0,1
1,2007.92004394531,97.9199981689453,31.78217,26.48514,7.11541,11.85902,9.48722,2,2,13.2,11.2,147.84,1,1910,48,1862,2007.11,7638,0,1,0,0,0,0,0,0,0,1,0,0,0,0,0,0,0,0,0,0,0,0,1
0,2007.5,82.5,,,0.28963,0.38617,0.3379,2,1,10.25,13.75,140.938,1,1925,63,1862,2007.06,7478,0,1,0,0,0,0,0,0,1,0,0,0,0,0,0,0,0,0,0,0,0,0,1
1,2007.5,87.5,0.55029,0.45858,0.38617,0.57926,0.48271,2,0,11.25,14,157.5,1,1920,58,1862,2007.06,7463,0,1,0,0,0,0,0,1,0,0,0,0,0,0,0,0,0,0,0,0,0,0,1
0,2007.5,87.5,,,0.72407,1.20679,0.96543,2,1,9,13.75,123.75,1,1920,58,1862,2007.06,7463,0,1,0,0,0,0,0,0,1,0,0,0,0,0,0,0,0,0,0,0,0,0,1
1,2007.5,82.5,0.86889,0.72407,0.96543,1.44814,1.20679,2,1,11,15,165,1,1925,63,1862,2007.06,7463,0,1,0,0,0,0,0,0,1,0,0,0,0,0,0,0,0,0,0,0,0,0,1
0,2007.32995605469,82.3300018310547,,,1.45624,2.42707,1.94165,2,2,24,20,480,1,1925,63,1862,2007.04,7416,0,1,0,0,0,0,0,0,0,1,0,0,0,0,0,0,0,0,0,0,0,0,1
1,2007.17004394531,86.1699981689453,1.64514,1.37095,0.48962,0.97925,0.73444,2,2,18.5,13.5,249.75,1,1921,59,1862,2007.02,7346,0,1,0,0,0,0,0,0,0,1,0,0,0,0,0,0,0,0,0,0,0,0,1
0,2006.92004394531,81.9199981689453,,,1.48515,2.47525,1.9802,2,2,13,19,247,1,1925,63,1862,2006.11,7274,0,1,0,0,0,0,0,0,0,1,0,0,0,0,0,0,0,0,0,0,0,0,1
1,2006.92004394531,111.919998168945,0.77228,0.64356,0.39604,0.59406,0.49505,2,2,12.63,15.88,200.564,0,1895,33,1862,2006.11,7273,0,1,0,0,0,0,0,0,0,1,0,0,0,0,0,0,0,0,0,0,0,0,1
0,2006.82995605469,81.8300018310547,,,1.48588,2.47647,1.98118,2,2,13,19,247,1,1925,63,1862,2006.1,7234,0,1,0,0,0,0,0,0,0,1,0,0,0,0,0,0,0,0,0,0,0,0,1
1,2006.42004394531,109.419998168945,0.79483,0.66236,0.39742,0.74516,0.57129,2,2,5.1,9.3,47.43,0,1897,35,1862,2006.05,7080,0,1,0,0,0,0,0,0,0,1,0,0,0,0,0,0,0,0,0,0,0,0,1
0,2004.42004394531,90.4199981689453,,,13.28374,18.59724,15.94049,2,2,18,40,720,1,1914,52,1862,2004.05,7079,0,1,0,0,0,0,0,0,0,1,0,0,0,0,0,0,0,0,0,0,0,0,1
1,2004.25,76.25,4.16889,3.47408,0.80171,1.33618,1.06895,2,1,12.5,9.2,115,1,1928,66,1862,2004.03,6300,0,1,0,0,0,0,0,0,1,0,0,0,0,0,0,0,0,0,0,0,0,1,0
1,2003.67004394531,96.6699981689453,0.84173,1.43339,1.08401,1.62602,1.35501,2,2,9.25,11.75,108.688,1,1907,45,1862,2003.08,6076,0,1,0,0,0,0,0,0,0,1,0,0,0,0,0,0,0,0,0,0,0,1,0
1,2003.17004394531,82.1699981689453,0.70806,1.20576,0.81699,1.08932,0.95316,2,1,19.7,14,275.8,1,1921,59,1862,2003.02,5880,0,1,0,0,0,0,0,0,1,0,0,0,0,0,0,0,0,0,0,0,0,1,0
0,1998.75,73.75,,,3.0581,4.28135,3.66972,2,2,27,34,918,1,1925,63,1862,1998.09,4285,0,1,0,0,0,0,0,0,0,1,0,0,0,0,0,0,0,0,0,0,1,0,0
0,1992.92004394531,65.9199981689453,,,0.28149,0.42224,0.35186,2,0,9,12,108,1,1927,65,1862,1992.11,2144,0,1,0,0,0,0,0,1,0,0,0,0,0,0,0,0,0,0,0,1,0,0,0
1,2008.82995605469,63.8300018310547,4.1488,3.31904,2.30489,3.22685,2.76587,3,2,6.75,5,33.75,1,1945,69,1876,2008.1,7967,0,0,1,0,0,0,0,0,0,1,0,0,0,0,0,0,0,1,0,0,0,0,1
1,2008.75,96.75,0.68539,0.54832,2.28465,3.19851,2.74158,3,4,19.5,62.5,1218.75,1,1912,36,1876,2008.09,7939,0,0,1,0,0,0,0,0,0,0,0,1,0,0,0,0,0,1,0,0,0,0,1
1,2008.5,106.5,0.71927,0.57541,0.23017,0.46033,0.34525,3,1,4,6,24,1,1902,26,1876,2008.06,7842,0,0,1,0,0,0,0,0,1,0,0,0,0,0,0,0,0,1,0,0,0,0,1
0,2008.5,74.5,,,1.84132,2.76199,2.30165,3,0,14,11,154,0,1934,58,1876,2008.06,7834,0,0,1,0,0,0,0,1,0,0,0,0,0,0,0,0,0,1,0,0,0,0,1
1,2008.5,65.5,2.30165,1.84132,2.76199,4.14298,3.45248,3,2,7.5,3,22.5,1,1943,67,1876,2008.06,7834,0,0,1,0,0,0,0,0,0,1,0,0,0,0,0,0,0,1,0,0,0,0,1
0,2008.42004394531,73.4199981689453,,,18.57838,27.86757,23.22298,3,0,11.2,8.7,97.44,1,1935,59,1876,2008.05,7812,0,0,1,0,0,0,0,1,0,0,0,0,0,0,0,0,0,1,0,0,0,0,1
1,2008.42004394531,75.4199981689453,0.68276,0.5462,1.39338,1.85784,1.62561,3,3,17,19,323,1,1933,57,1876,2008.05,7794,0,0,1,0,0,0,0,0,0,0,1,0,0,0,0,0,0,1,0,0,0,0,1
1,2008.32995605469,106.330001831055,0.49646,0.39716,0.46703,0.70055,0.58379,3,3,5.75,7.75,44.563,1,1902,26,1876,2008.04,7763,0,0,1,0,0,0,0,0,0,0,1,0,0,0,0,0,0,1,0,0,0,0,1
1,2008.25,108.25,4.68463,3.7477,0.56216,0.84323,0.70269,3,0,7.88,10,78.8,1,1900,24,1876,2008.03,7759,0,0,1,0,0,0,0,1,0,0,0,0,0,0,0,0,0,1,0,0,0,0,1
1,2008.17004394531,91.1699981689453,0.58773,0.47018,0.94036,1.41054,1.17545,3,0,11.75,5.5,64.625,1,1917,41,1876,2008.02,7706,0,0,1,0,0,0,0,1,0,0,0,0,0,0,0,0,0,1,0,0,0,0,1
1,2008,99,0.33914,0.27131,0.5676,0.8514,0.7095,3,4,10,13,130,1,1909,33,1876,2007.12,7645,0,0,1,0,0,0,0,0,0,0,0,1,0,0,0,0,0,1,0,0,0,0,1
1,2008,73,0.3959,0.31672,0.7095,1.1825,0.946,3,0,6.5,5,32.5,1,1935,59,1876,2007.12,7645,0,0,1,0,0,0,0,1,0,0,0,0,0,0,0,0,0,1,0,0,0,0,1
0,2007.92004394531,58.9199981689453,,,237.1804,332.05256,284.61648,3,2,18,24,432,1,1949,73,1876,2007.11,7638,0,0,1,0,0,0,0,0,0,1,0,0,0,0,0,0,0,0,0,0,0,0,1
1,2007.82995605469,72.8300018310547,2.29494,1.83595,0.95622,1.43434,1.19528,3,1,8.7,11,95.7,1,1935,59,1876,2007.1,7603,0,0,1,0,0,0,0,0,1,0,0,0,0,0,0,0,0,0,0,0,0,0,1
1,2007.75,103.75,1.15126,0.92101,0.57563,0.86345,0.71954,3,11,12,17,204,0,1904,28,1876,2007.09,7563,0,0,1,0,0,0,0,0,0,0,0,0,0,0,0,0,1,0,0,0,0,0,1
1,2007.5,102.5,1.50848,1.25707,0.48271,0.96543,0.72407,3,8,12.5,9.5,118.75,1,1905,29,1876,2007.06,7471,0,0,1,0,0,0,0,0,0,0,0,0,0,1,0,0,0,0,0,0,0,0,1
1,2007.5,62.5,0.84475,0.70396,0.48271,0.72407,0.60339,3,8,10,17.88,178.8,1,1945,69,1876,2007.06,7463,0,0,1,0,0,0,0,0,0,0,0,0,0,1,0,0,0,0,0,0,0,0,1
1,2007.42004394531,100.419998168945,11.60469,10.09103,9.67057,14.50586,12.08821,3,7,12,39,468,1,1907,31,1876,2007.05,7449,0,0,1,0,0,0,0,0,0,0,0,0,1,0,0,0,0,0,0,0,0,0,1
0,2007.42004394531,82.4199981689453,,,58.02343,87.03515,72.52929,3,2,9.2,11.2,103.04,1,1925,49,1876,2007.05,7449,0,0,1,0,0,0,0,0,0,1,0,0,0,0,0,0,0,0,0,0,0,0,1
1,2007.42004394531,84.4199981689453,20.3082,17.65931,24.17643,33.847,29.01172,3,2,17.7,40.5,716.85,1,1923,47,1876,2007.05,7448,0,0,1,0,0,0,0,0,0,1,0,0,0,0,0,0,0,0,0,0,0,0,1
1,2007.42004394531,104.419998168945,116.04686,100.91032,48.35286,72.52929,60.44107,3,4,10.7,13,139.1,1,1903,27,1876,2007.05,7448,0,0,1,0,0,0,0,0,0,0,0,1,0,0,0,0,0,0,0,0,0,0,1
1,2006.92004394531,98.9199981689453,83.16832,72.32028,29.70297,39.60396,34.65347,3,0,10.5,19,199.5,1,1908,32,1876,2006.11,7274,0,0,1,0,0,0,0,1,0,0,0,0,0,0,0,0,0,0,0,0,0,0,1
1,2006.92004394531,96.9199981689453,129.90099,112.95738,49.50495,74.25743,61.88119,3,4,18,22,396,1,1910,34,1876,2006.11,7273,0,0,1,0,0,0,0,0,0,0,0,1,0,0,0,0,0,0,0,0,0,0,1
1,2006.92004394531,63.9199981689453,89.10891,77.48601,34.65347,44.55446,39.60396,3,4,18,24,432,1,1943,67,1876,2006.11,7273,0,0,1,0,0,0,0,0,0,0,0,1,0,0,0,0,0,0,0,0,0,0,1
1,2006.92004394531,64.9199981689453,14.85149,12.91433,12.37624,22.27723,17.32673,3,4,14,18,252,1,1942,66,1876,2006.11,7273,0,0,1,0,0,0,0,0,0,0,0,1,0,0,0,0,0,0,0,0,0,0,1
0,2006.92004394531,90.9199981689453,,,1.48515,2.47525,1.9802,3,0,12.7,16.7,212.09,1,1916,40,1876,2006.11,7273,0,0,1,0,0,0,0,1,0,0,0,0,0,0,0,0,0,0,0,0,0,0,1
0,2006.92004394531,96.9199981689453,,,19.80198,29.70297,24.75248,3,2,16,20,320,1,1910,34,1876,2006.11,7253,0,0,1,0,0,0,0,0,0,1,0,0,0,0,0,0,0,0,0,0,0,0,1
1,2006.82995605469,100.830001831055,1.77563,1.47969,1.98118,2.97177,2.47647,3,7,15.5,10,155,1,1906,30,1876,2006.1,7239,0,0,1,0,0,0,0,0,0,0,0,0,1,0,0,0,0,0,0,0,0,0,1
1,2006.75,93.75,1.30178,1.08481,1.47929,2.46548,1.97239,3,4,24,20.5,492,1,1913,37,1876,2006.09,7189,0,0,1,0,0,0,0,0,0,0,0,1,0,0,0,0,0,0,0,0,0,0,1
1,2006.67004394531,64.6699981689453,1.14181,0.9515,1.47203,2.45339,1.96271,3,1,9,14,126,1,1942,66,1876,2006.08,7168,0,0,1,0,0,0,0,0,1,0,0,0,0,0,0,0,0,0,0,0,0,0,1
1,2006.5,64.5,0.59217,0.49348,0.99108,1.48662,1.23885,3,1,13.2,8.7,114.84,1,1942,66,1876,2006.06,7100,0,0,1,0,0,0,0,0,1,0,0,0,0,0,0,0,0,0,0,0,0,0,1
1,2006.42004394531,100.419998168945,5.96125,4.96771,4.96771,7.45156,6.20964,3,0,4.7,7.2,33.84,1,1906,30,1876,2006.05,7083,0,0,1,0,0,0,0,1,0,0,0,0,0,0,0,0,0,0,0,0,0,0,1
0,2006.42004394531,96.4199981689453,,,24.83855,34.77397,29.80626,3,2,16,20,320,1,1910,34,1876,2006.05,7063,0,0,1,0,0,0,0,0,0,1,0,0,0,0,0,0,0,0,0,0,0,0,1
1,2006.32995605469,64.3300018310547,1.25909,1.04924,1.99302,2.98954,2.49128,3,1,9,14,126,1,1942,66,1876,2006.04,7048,0,0,1,0,0,0,0,0,1,0,0,0,0,0,0,0,0,0,0,0,0,0,1
1,2006.25,79.25,27.04056,23.51353,15.02253,25.03756,20.03005,3,2,36,29,1044,1,1927,51,1876,2006.03,7000,0,0,1,0,0,0,0,0,0,1,0,0,0,0,0,0,0,0,0,0,0,0,1
0,2006,88,,,1.26199,1.76678,1.51439,3,7,28,22,616,1,1918,42,1876,2005.12,6911,0,0,1,0,0,0,0,0,0,0,0,0,1,0,0,0,0,0,0,0,0,0,1
1,2005.92004394531,53.9199981689453,60.57547,52.67432,35.33569,45.4316,40.38364,3,4,11.5,16,184,1,1952,76,1876,2005.11,6909,0,0,1,0,0,0,0,0,0,0,0,1,0,0,0,0,0,0,0,0,0,0,1
0,2005.92004394531,81.9199981689453,,,1.51439,2.52398,2.01918,3,0,8.2,3.7,30.34,1,1924,48,1876,2005.11,6909,0,0,1,0,0,0,0,1,0,0,0,0,0,0,0,0,0,0,0,0,0,0,1
0,2005.92004394531,99.9199981689453,,,10.09591,15.14387,12.61989,3,0,4.7,7.2,33.84,1,1906,30,1876,2005.11,6909,0,0,1,0,0,0,0,1,0,0,0,0,0,0,0,0,0,0,0,0,0,0,1
1,2005.92004394531,65.9199981689453,2.12014,1.76678,2.01918,3.02877,2.52398,3,1,18.5,13.75,254.375,1,1940,64,1876,2005.11,6883,0,0,1,0,0,0,0,0,1,0,0,0,0,0,0,0,0,0,0,0,0,0,1
1,2005.75,99.75,0.63632,0.53026,0.60362,0.80483,0.70423,3,9,14.2,8.2,116.44,1,1906,30,1876,2005.09,6836,0,0,1,0,0,0,0,0,0,0,0,0,0,0,1,0,0,0,0,0,0,0,1
1,2005.75,95.75,0.88682,0.73902,1.50905,2.51509,2.01207,3,4,9.5,14,133,1,1910,34,1876,2005.09,6834,0,0,1,0,0,0,0,0,0,0,0,1,0,0,0,0,0,0,0,0,0,0,1
1,2005.75,61.75,0.45272,0.37726,0.75453,1.25755,1.00604,3,0,18.5,13.7,253.45,1,1944,68,1876,2005.09,6825,0,0,1,0,0,0,0,1,0,0,0,0,0,0,0,0,0,0,0,0,0,0,1
1,2005.5,60.5,0.49561,0.41301,0.36138,0.51626,0.43882,3,8,17.7,14.1,249.57,1,1945,69,1876,2005.06,6735,0,0,1,0,0,0,0,0,0,0,0,0,0,1,0,0,0,0,0,0,0,0,1
1,2005.42004394531,64.4199981689453,1.04959,0.87466,1.29132,1.80785,1.54959,3,1,15,13.2,198,1,1941,65,1876,2005.05,6706,0,0,1,0,0,0,0,0,1,0,0,0,0,0,0,0,0,0,0,0,0,0,1
1,2005,64,1.19979,0.99983,0.52165,0.78247,0.65206,3,1,15,13,195,1,1941,65,1876,2004.12,6552,0,0,1,0,0,0,0,0,1,0,0,0,0,0,0,0,0,0,0,0,0,1,0
1,2005,53,46.75535,40.65682,15.64945,26.08242,20.86594,3,0,9,10.7,96.3,1,1952,76,1876,2004.12,6546,0,0,1,0,0,0,0,1,0,0,0,0,0,0,0,0,0,0,0,0,0,1,0
1,2005,97,91.81012,79.83489,65.20605,91.28847,78.24726,3,0,13.5,27.7,373.95,1,1908,32,1876,2004.12,6545,0,0,1,0,0,0,0,1,0,0,0,0,0,0,0,0,0,0,0,0,0,1,0
1,2005,99,4093.89671,3559.91019,1304.12102,1825.76943,1564.94523,3,2,24,29.5,708,1,1906,30,1876,2004.12,6545,0,0,1,0,0,0,0,0,0,1,0,0,0,0,0,0,0,0,0,0,0,1,0
1,2005,93,214.50183,186.52333,104.32968,156.49452,130.4121,3,4,20.2,16.5,333.3,1,1912,36,1876,2004.12,6545,0,0,1,0,0,0,0,0,0,0,0,1,0,0,0,0,0,0,0,0,0,1,0
1,2004.92004394531,69.9199981689453,2.36881,1.974,1.56495,2.60824,2.08659,3,0,8.5,10.7,90.95,1,1935,59,1876,2004.11,6543,0,0,1,0,0,0,0,1,0,0,0,0,0,0,0,0,0,0,0,0,0,1,0
1,2004.92004394531,66.9199981689453,2.05373,1.71144,1.0433,1.56495,1.30412,3,8,17.7,4.5,79.65,1,1938,62,1876,2004.11,6534,0,0,1,0,0,0,0,0,0,0,0,0,0,1,0,0,0,0,0,0,0,1,0
1,2004.82995605469,87.8300018310547,1.87893,1.56578,1.57233,2.62055,2.09644,3,1,19,13.5,256.5,1,1917,41,1876,2004.1,6512,0,0,1,0,0,0,0,0,1,0,0,0,0,0,0,0,0,0,0,0,0,1,0
0,2004.82995605469,62.8300018310547,,,10.48218,15.72327,13.10273,3,2,12,10,120,1,1942,66,1876,2004.1,6504,0,0,1,0,0,0,0,0,0,1,0,0,0,0,0,0,0,0,0,0,0,1,0
1,2004.82995605469,94.8300018310547,2.1044,1.75367,0.31447,0.41929,0.36688,3,11,11.5,8,92,1,1910,34,1876,2004.1,6488,0,0,1,0,0,0,0,0,0,0,0,0,0,0,0,0,1,0,0,0,0,1,0
1,2004.5,94.5,1.30651,1.08876,2.11752,3.17628,2.6469,3,7,13.7,18.7,256.19,1,1910,34,1876,2004.06,6388,0,0,1,0,0,0,0,0,0,0,0,0,1,0,0,0,0,0,0,0,0,1,0
1,2004.5,102.5,1.52462,1.27051,0.4235,0.63526,0.52938,3,3,12,17.2,206.4,1,1902,26,1876,2004.06,6371,0,0,1,0,0,0,0,0,0,0,1,0,0,0,0,0,0,0,0,0,0,1,0
1,2004.5,78.5,18.66067,16.22667,5.29381,7.94071,6.61726,3,2,30,22,660,1,1926,50,1876,2004.06,6369,0,0,1,0,0,0,0,0,0,1,0,0,0,0,0,0,0,0,0,0,0,1,0
1,2004.42004394531,61.4199981689453,1.4288,1.19067,1.59405,2.65675,2.1254,3,1,17.7,27.5,486.75,1,1943,67,1876,2004.05,6356,0,0,1,0,0,0,0,0,1,0,0,0,0,0,0,0,0,0,0,0,0,1,0
1,2004.42004394531,69.4199981689453,35.06908,30.49485,15.94049,26.56748,21.25399,3,2,36,42,1512,1,1935,59,1876,2004.05,6349,0,0,1,0,0,0,0,0,0,1,0,0,0,0,0,0,0,0,0,0,0,1,0
0,2004.42004394531,74.4199981689453,,,21.25399,31.88098,26.56748,3,4,20,16,320,1,1930,54,1876,2004.05,6348,0,0,1,0,0,0,0,0,0,0,0,1,0,0,0,0,0,0,0,0,0,1,0
1,2004.42004394531,97.4199981689453,6.05739,5.04782,1.59405,2.65675,2.1254,3,7,9.5,18,171,1,1907,31,1876,2004.05,6348,0,0,1,0,0,0,0,0,0,0,0,0,1,0,0,0,0,0,0,0,0,1,0
1,2004.42004394531,97.4199981689453,1.91286,1.59405,1.59405,2.65675,2.1254,3,7,11.7,14.3,167.31,1,1907,31,1876,2004.05,6348,0,0,1,0,0,0,0,0,0,0,0,0,1,0,0,0,0,0,0,0,0,1,0
1,2004.42004394531,98.4199981689453,12.75239,11.08904,3.1881,4.2508,3.71945,3,4,11.2,12,134.4,1,1906,30,1876,2004.05,6348,0,0,1,0,0,0,0,0,0,0,0,1,0,0,0,0,0,0,0,0,0,1,0
1,2004.42004394531,97.4199981689453,2.55048,2.1254,1.59405,2.65675,2.1254,3,7,11.8,17.2,202.96,1,1907,31,1876,2004.05,6348,0,0,1,0,0,0,0,0,0,0,0,0,1,0,0,0,0,0,0,0,0,1,0
0,2004.42004394531,77.4199981689453,,,3.1881,4.2508,3.71945,3,10,18,28,504,1,1927,51,1876,2004.05,6344,0,0,1,0,0,0,0,0,0,0,0,0,0,0,0,1,0,0,0,0,0,1,0
1,2004.25,97.25,7.69642,6.41368,4.27579,6.41368,5.34474,3,9,6.1,8,48.8,1,1907,31,1876,2004.03,6300,0,0,1,0,0,0,0,0,0,0,0,0,0,0,1,0,0,0,0,0,0,1,0
0,2004.25,56.25,,,5.34474,8.0171,6.68092,3,2,12,9.7,116.4,1,1948,72,1876,2004.03,6300,0,0,1,0,0,0,0,0,0,1,0,0,0,0,0,0,0,0,0,0,0,1,0
0,2004.25,89.25,,,2.67237,3.74131,3.20684,3,0,23.7,18.5,438.45,0,1915,39,1876,2004.03,6280,0,0,1,0,0,0,0,1,0,0,0,0,0,0,0,0,0,0,0,0,0,1,0
1,2004.25,96.25,3.51309,2.92758,2.67237,3.74131,3.20684,3,0,7,4.5,31.5,1,1908,32,1876,2004.03,6280,0,0,1,0,0,0,0,1,0,0,0,0,0,0,0,0,0,0,0,0,0,1,0
0,2004,98,,,0.80863,1.34771,1.07817,3,9,13,2,26,1,1906,30,1876,2003.12,6197,0,0,1,0,0,0,0,0,0,0,0,0,0,0,1,0,0,0,0,0,0,1,0
1,2004,61,2.16981,3.69497,2.69542,3.77358,3.2345,3,1,15,23.7,355.5,1,1943,67,1876,2003.12,6188,0,0,1,0,0,0,0,0,1,0,0,0,0,0,0,0,0,0,0,0,0,1,0
1,2004,98,65.63342,116.73929,10.78167,16.17251,13.47709,3,0,12,20.5,246,1,1906,30,1876,2003.12,6188,0,0,1,0,0,0,0,1,0,0,0,0,0,0,0,0,0,0,0,0,0,1,0
1,2004,91,24.25876,21.09457,21.56334,32.34501,26.95418,3,9,27,38,1026,1,1913,37,1876,2003.12,6181,0,0,1,0,0,0,0,0,0,0,0,0,0,0,1,0,0,0,0,0,0,1,0
0,2003.5,77.5,,,10.92299,16.38449,13.65374,3,2,30,22,660,1,1926,50,1876,2003.06,6006,0,0,1,0,0,0,0,0,0,1,0,0,0,0,0,0,0,0,0,0,0,1,0
1,2003.5,64.5,1.65811,2.82359,0.54615,0.81922,0.68269,3,3,13.7,9.5,130.15,1,1939,63,1876,2003.06,6000,0,0,1,0,0,0,0,0,0,0,1,0,0,0,0,0,0,0,0,0,0,1,0
1,2003.42004394531,55.4199981689453,49.00492,42.61297,21.86987,32.80481,27.33734,3,2,19,22,418,1,1948,72,1876,2003.05,5986,0,0,1,0,0,0,0,0,0,1,0,0,0,0,0,0,0,0,0,0,0,1,0
1,2003.42004394531,93.4199981689453,14.76217,12.83667,4.37397,6.56096,5.46747,3,0,5,8.5,42.5,1,1910,34,1876,2003.05,5985,0,0,1,0,0,0,0,1,0,0,0,0,0,0,0,0,0,0,0,0,0,1,0
1,2003.42004394531,96.4199981689453,11.15364,9.69881,10.93494,16.40241,13.66867,3,0,8,9.7,77.6,1,1907,31,1876,2003.05,5985,0,0,1,0,0,0,0,1,0,0,0,0,0,0,0,0,0,0,0,0,0,1,0
1,2003.42004394531,95.4199981689453,39.36577,34.23111,21.86987,32.80481,27.33734,3,4,14,18,252,1,1908,32,1876,2003.05,5985,0,0,1,0,0,0,0,0,0,0,0,1,0,0,0,0,0,0,0,0,0,1,0
1,2003.42004394531,87.4199981689453,18.04265,15.68926,16.40241,27.33734,21.86987,3,0,23,28.5,655.5,1,1916,40,1876,2003.05,5985,0,0,1,0,0,0,0,1,0,0,0,0,0,0,0,0,0,0,0,0,0,1,0
1,2003.42004394531,74.4199981689453,163.58666,290.96441,109.34937,164.02406,136.68671,3,2,36,42,1512,1,1929,53,1876,2003.05,5985,0,0,1,0,0,0,0,0,0,1,0,0,0,0,0,0,0,0,0,0,0,1,0
1,2003.42004394531,93.4199981689453,11.80973,10.26933,13.66867,19.13614,16.40241,3,4,22.2,16.2,359.64,1,1910,34,1876,2003.05,5985,0,0,1,0,0,0,0,0,0,0,0,1,0,0,0,0,0,0,0,0,0,1,0
0,2003.42004394531,68.4199981689453,,,43.73975,65.60962,54.67469,3,2,36,42,1512,1,1935,59,1876,2003.05,5985,0,0,1,0,0,0,0,0,0,1,0,0,0,0,0,0,0,0,0,0,0,1,0
0,2003.42004394531,55.4199981689453,,,10.93494,16.40241,13.66867,3,2,12,9.7,116.4,1,1948,72,1876,2003.05,5985,0,0,1,0,0,0,0,0,0,1,0,0,0,0,0,0,0,0,0,0,0,1,0
1,2003.25,63.25,30.99511,26.95227,27.18869,40.78303,33.98586,3,4,11.7,15.7,183.69,1,1940,64,1876,2003.03,5908,0,0,1,0,0,0,0,0,0,0,0,1,0,0,0,0,0,0,0,0,0,1,0
0,2003.25,61.25,,,10.87548,16.31321,13.59434,3,2,12,10,120,1,1942,66,1876,2003.03,5908,0,0,1,0,0,0,0,0,0,1,0,0,0,0,0,0,0,0,0,0,0,1,0
1,2003.25,69.25,12.99619,11.30104,6.52529,9.78793,8.15661,3,0,8.5,10.2,86.7,1,1934,58,1876,2003.03,5907,0,0,1,0,0,0,0,1,0,0,0,0,0,0,0,0,0,0,0,0,0,1,0
1,2003,91,2001.65017,3560.24733,1375.13751,1925.19252,1650.16502,3,2,29.2,36.2,1057.04,1,1912,36,1876,2002.12,5817,0,0,1,0,0,0,0,0,0,1,0,0,0,0,0,0,0,0,0,0,0,1,0
1,2003,104,138.33883,246.05721,41.25413,55.0055,48.12981,3,0,8,12.5,100,1,1899,23,1876,2002.12,5817,0,0,1,0,0,0,0,1,0,0,0,0,0,0,0,0,0,0,0,0,0,1,0
1,2003,99,123.21232,219.15235,27.50275,38.50385,33.0033,3,0,8.5,13,110.5,1,1904,28,1876,2002.12,5817,0,0,1,0,0,0,0,1,0,0,0,0,0,0,0,0,0,0,0,0,0,1,0
1,2003,61,42.72827,37.15502,22.0022,33.0033,27.50275,3,1,8.7,12,104.4,1,1942,66,1876,2002.12,5817,0,0,1,0,0,0,0,0,1,0,0,0,0,0,0,0,0,0,0,0,0,1,0
1,2003,58,39.43894,34.29473,16.50165,27.50275,22.0022,3,1,7.2,10,72,1,1945,69,1876,2002.12,5817,0,0,1,0,0,0,0,0,1,0,0,0,0,0,0,0,0,0,0,0,0,1,0
1,2003,63,24.64796,21.43301,13.75138,19.25193,16.50165,3,1,8.5,11,93.5,1,1940,64,1876,2002.12,5817,0,0,1,0,0,0,0,0,1,0,0,0,0,0,0,0,0,0,0,0,0,1,0
1,2002.92004394531,59.9199981689453,1.21212,2.06412,1.65289,2.75482,2.20386,3,0,15.5,24.5,379.75,1,1943,67,1876,2002.11,5791,0,0,1,0,0,0,0,1,0,0,0,0,0,0,0,0,0,0,0,0,0,1,0
0,2002.82995605469,90.8300018310547,,,2.20751,3.31126,2.75938,3,11,11.5,16.5,189.75,1,1912,36,1876,2002.1,5776,0,0,1,0,0,0,0,0,0,0,0,0,0,0,0,0,1,0,0,0,0,1,0
1,2002.42004394531,95.4199981689453,1.00279,1.70764,0.5571,0.83565,0.69638,3,0,11.7,15.7,183.69,1,1907,31,1876,2002.05,5622,0,0,1,0,0,0,0,1,0,0,0,0,0,0,0,0,0,0,0,0,0,1,0
1,2002.42004394531,92.4199981689453,1.1532,1.96379,0.83565,1.39276,1.11421,3,7,10,6,60,1,1910,34,1876,2002.05,5622,0,0,1,0,0,0,0,0,0,0,0,0,1,0,0,0,0,0,0,0,0,1,0
1,2002.42004394531,72.4199981689453,53.25905,46.31222,22.28412,33.42618,27.85515,3,2,24,20,480,1,1930,54,1876,2002.05,5621,0,0,1,0,0,0,0,0,0,1,0,0,0,0,0,0,0,0,0,0,0,1,0
1,2002.42004394531,61.4199981689453,1.83287,3.12119,1.67131,2.22841,1.94986,3,1,17.7,11.5,203.55,1,1941,65,1876,2002.05,5620,0,0,1,0,0,0,0,0,1,0,0,0,0,0,0,0,0,0,0,0,0,1,0
1,2002.32995605469,57.3300018310547,0.41718,0.71041,0.55772,0.83659,0.69716,3,8,9,17.5,157.5,1,1945,69,1876,2002.04,5582,0,0,1,0,0,0,0,0,0,0,0,0,0,1,0,0,0,0,0,0,0,1,0
1,2002.32995605469,57.3300018310547,0.41718,0.71041,0.55772,0.83659,0.69716,3,8,9,16,144,1,1945,69,1876,2002.04,5582,0,0,1,0,0,0,0,0,0,0,0,0,0,1,0,0,0,0,0,0,0,1,0
0,2001.92004394531,89.9199981689453,,,16.90141,28.16901,22.53521,3,4,12.1,18,217.8,1,1912,36,1876,2001.11,5447,0,0,1,0,0,0,0,0,0,0,0,1,0,0,0,0,0,1,0,0,0,1,0
0,2001.92004394531,77.9199981689453,,,1.69014,2.8169,2.25352,3,1,11,14,154,1,1924,48,1876,2001.11,5434,0,0,1,0,0,0,0,0,1,0,0,0,0,0,0,0,0,1,0,0,0,1,0
1,2001.82995605469,82.8300018310547,2.51408,4.28122,1.68919,2.81532,2.25225,3,1,6.2,10.2,63.24,1,1919,43,1876,2001.1,5390,0,0,1,0,0,0,0,0,1,0,0,0,0,0,0,0,0,1,0,0,0,1,0
0,2001.5,76.5,,,5.62746,8.44119,7.03433,3,0,24,29.5,708,1,1925,49,1876,2001.06,5278,0,0,1,0,0,0,0,1,0,0,0,0,0,0,0,0,0,1,0,0,0,1,0
1,2001.5,91.5,1.81823,3.09627,1.68824,2.81373,2.25098,3,0,10.5,14.7,154.35,1,1910,34,1876,2001.06,5278,0,0,1,0,0,0,0,1,0,0,0,0,0,0,0,0,0,1,0,0,0,1,0
1,2001.42004394531,96.4199981689453,53.01748,46.10216,28.20079,39.48111,33.84095,3,1,17.7,23.7,419.49,1,1905,29,1876,2001.05,5257,0,0,1,0,0,0,0,0,1,0,0,0,0,0,0,0,0,1,0,0,0,1,0
1,2001.42004394531,95.4199981689453,84.03835,149.47533,84.60237,141.00395,112.80316,3,4,13.1,21,275.1,1,1906,30,1876,2001.05,5257,0,0,1,0,0,0,0,0,0,0,0,1,0,0,0,0,0,1,0,0,0,1,0
1,2001,66,5.26919,8.97289,1.71821,2.86369,2.29095,3,7,9.3,23.8,221.34,1,1935,59,1876,2000.12,5093,0,0,1,0,0,0,0,0,0,0,0,0,1,0,0,0,0,0,0,0,1,0,0
1,2000.92004394531,97.9199981689453,110.39519,196.35508,45.81901,68.72852,57.27377,3,4,14.2,18,255.6,1,1903,27,1876,2000.11,5083,0,0,1,0,0,0,0,0,0,0,0,1,0,0,0,0,0,0,0,0,1,0,0
1,2000.92004394531,101.919998168945,53.12142,46.19254,42.95533,57.27377,50.11455,3,10,8.5,13.2,112.2,1,1899,23,1876,2000.11,5083,0,0,1,0,0,0,0,0,0,0,0,0,0,0,0,1,0,0,0,0,1,0,0
1,2000.82995605469,100.830001831055,1.48649,2.53134,1.43761,2.01265,1.72513,3,1,12,16.2,194.4,1,1900,24,1876,2000.1,5026,0,0,1,0,0,0,0,0,1,0,0,0,0,0,0,0,0,0,0,0,1,0,0
1,2000.5,100.5,13.64692,11.86689,11.6144,14.518,13.0662,3,1,4.5,7.2,32.4,1,1900,24,1876,2000.06,4915,0,0,1,0,0,0,0,0,1,0,0,0,0,0,0,0,0,0,0,0,1,0,0
1,2000.42004394531,75.4199981689453,74.18224,131.9447,40.88785,58.41121,49.64953,3,2,9,11,99,1,1925,49,1876,2000.05,4894,0,0,1,0,0,0,0,0,0,1,0,0,0,0,0,0,0,0,0,0,1,0,0
1,2000.42004394531,56.4199981689453,27.45327,23.87241,29.20561,40.88785,35.04673,3,2,21,31,651,1,1944,68,1876,2000.05,4894,0,0,1,0,0,0,0,0,0,1,0,0,0,0,0,0,0,0,0,0,1,0,0
1,2000.42004394531,48.4199981689453,39.06542,33.96993,23.36449,35.04673,29.20561,3,2,15.5,20,310,1,1952,76,1876,2000.05,4893,0,0,1,0,0,0,0,0,0,1,0,0,0,0,0,0,0,0,0,0,1,0,0
1,2000.42004394531,55.4199981689453,33.29439,28.95165,23.36449,37.96729,30.66589,3,2,30,24,720,1,1945,69,1876,2000.05,4893,0,0,1,0,0,0,0,0,0,1,0,0,0,0,0,0,0,0,0,0,1,0,0
1,2000.42004394531,58.4199981689453,13.72664,11.9362,8.76168,14.6028,11.68224,3,2,12,10,120,1,1942,66,1876,2000.05,4872,0,0,1,0,0,0,0,0,0,1,0,0,0,0,0,0,0,0,0,0,1,0,0
0,1999.92004394531,82.9199981689453,,,1.78147,2.96912,2.3753,3,1,20,13.7,274,1,1917,41,1876,1999.11,4693,0,0,1,0,0,0,0,0,1,0,0,0,0,0,0,0,0,0,0,0,1,0,0
0,1999.75,59.75,,,2.97974,4.17163,3.57569,3,1,12.5,10,125,1,1940,64,1876,1999.09,4655,0,0,1,0,0,0,0,0,1,0,0,0,0,0,0,0,0,0,0,0,1,0,0
0,1999.75,71.75,,,0.47676,0.71514,0.59595,3,10,11.7,10.7,125.19,1,1928,52,1876,1999.09,4634,0,0,1,0,0,0,0,0,0,0,0,0,0,0,0,1,0,0,0,0,1,0,0
1,1999.42004394531,47.4199981689453,11.08434,9.63855,4.81928,7.22892,6.0241,3,1,12.5,24.5,306.25,1,1952,76,1876,1999.05,4530,0,0,1,0,0,0,0,0,1,0,0,0,0,0,0,0,0,0,0,0,1,0,0
1,1999.42004394531,87.4199981689453,193.6747,176.06791,90.36145,150.60241,120.48193,3,4,20.2,16.5,333.3,1,1912,36,1876,1999.05,4529,0,0,1,0,0,0,0,0,0,0,0,1,0,0,0,0,0,0,0,0,1,0,0
1,1999.42004394531,84.4199981689453,7.62048,6.62651,4.21687,5.42169,4.81928,3,0,4.5,6.5,29.25,1,1915,39,1876,1999.05,4508,0,0,1,0,0,0,0,1,0,0,0,0,0,0,0,0,0,0,0,0,1,0,0
1,1999.25,56.25,1.25607,1.09223,1.51699,2.12379,1.82039,3,1,9.2,12.5,115,1,1943,67,1876,1999.03,4472,0,0,1,0,0,0,0,0,1,0,0,0,0,0,0,0,0,0,0,0,1,0,0
1,1999.25,96.25,34.89078,31.71889,9.10194,15.1699,12.13592,3,4,16,14,224,1,1903,27,1876,1999.03,4453,0,0,1,0,0,0,0,0,0,0,0,1,0,0,0,0,0,0,0,0,1,0,0
1,1999.07995605469,92.0800018310547,5.93503,5.1609,4.25015,6.07165,5.1609,3,4,16.7,17.2,287.24,1,1907,31,1876,1999.01,4395,0,0,1,0,0,0,0,0,0,0,0,1,0,0,0,0,0,0,0,0,1,0,0
1,1998.92004394531,78.9199981689453,1.34065,1.16578,1.52346,2.43754,1.9805,3,2,14,21,294,1,1920,44,1876,1998.11,4329,0,0,1,0,0,0,0,0,0,1,0,0,0,0,0,0,0,0,0,0,1,0,0
1,1998.82995605469,91.8300018310547,6.6687,5.79887,1.52532,2.13545,1.83038,3,9,6,8,48,1,1907,31,1876,1998.1,4292,0,0,1,0,0,0,0,0,0,0,0,0,0,0,1,0,0,0,0,0,1,0,0
1,1998.75,78.75,1.58226,1.37588,1.22324,1.83486,1.52905,3,0,6.7,9.3,62.31,1,1920,44,1876,1998.09,4285,0,0,1,0,0,0,0,1,0,0,0,0,0,0,0,0,0,0,0,0,1,0,0
0,1998.75,56.75,,,6.11621,9.17431,7.64526,3,1,20,15,300,1,1942,66,1876,1998.09,4285,0,0,1,0,0,0,0,0,1,0,0,0,0,0,0,0,0,0,0,0,1,0,0
1,1998.75,81.75,0.20183,0.17551,0.4893,0.73394,0.61162,3,1,15,10.5,157.5,1,1917,41,1876,1998.09,4277,0,0,1,0,0,0,0,0,1,0,0,0,0,0,0,0,0,0,0,0,1,0,0
1,1998.5,77.5,14.12776,12.28501,18.42752,30.71253,24.57002,3,4,22,18,396,1,1921,45,1876,1998.06,4194,0,0,1,0,0,0,0,0,0,0,0,1,0,0,0,0,0,0,0,0,1,0,0
1,1998.42004394531,68.4199981689453,16.97417,14.76015,15.37515,21.52522,18.45018,3,4,16.7,30.5,509.35,1,1930,54,1876,1998.05,4159,0,0,1,0,0,0,0,0,0,0,0,1,0,0,0,0,0,0,0,0,1,0,0
0,1998.42004394531,91.4199981689453,,,9.22509,15.37515,12.30012,3,4,16.7,17.2,287.24,1,1907,31,1876,1998.05,4159,0,0,1,0,0,0,0,0,0,0,0,1,0,0,0,0,0,0,0,0,1,0,0
0,1998.42004394531,53.4199981689453,,,2.46002,3.69004,3.07503,3,0,7.5,13.5,101.25,1,1945,69,1876,1998.05,4147,0,0,1,0,0,0,0,1,0,0,0,0,0,0,0,0,0,0,0,0,1,0,0
1,1998.32995605469,49.3300018310547,7.09001,6.16523,7.39827,11.09741,9.24784,3,2,25,31,775,1,1949,73,1876,1998.04,4131,0,0,1,0,0,0,0,0,0,1,0,0,0,0,0,0,0,0,0,0,1,0,0
1,1998.32995605469,92.3300018310547,4.96301,4.31566,4.31566,6.16523,5.24044,3,4,14,14.5,203,1,1906,30,1876,1998.04,4131,0,0,1,0,0,0,0,0,0,0,0,1,0,0,0,0,0,0,0,0,1,0,0
1,1998.32995605469,56.3300018310547,29.77805,25.89396,7.39827,11.09741,9.24784,3,1,17.5,23,402.5,1,1942,66,1876,1998.04,4117,0,0,1,0,0,0,0,0,1,0,0,0,0,0,0,0,0,0,0,0,1,0,0
1,1998,95,62.73177,57.02888,18.54141,30.90235,24.72188,3,4,13.2,20.2,266.64,1,1903,27,1876,1997.12,3991,0,0,1,0,0,0,0,0,0,0,0,1,0,0,0,0,0,0,0,0,1,0,0
1,1998,74,123.91842,112.65311,92.70705,154.51174,123.60939,3,2,23.5,18,423,1,1924,48,1876,1997.12,3991,0,0,1,0,0,0,0,0,0,1,0,0,0,0,0,0,0,0,0,0,1,0,0
0,1997.82995605469,71.8300018310547,,,3.09598,4.33437,3.71517,3,1,24,21,504,1,1926,50,1876,1997.1,3933,0,0,1,0,0,0,0,0,1,0,0,0,0,0,0,0,0,0,0,0,1,0,0
1,1997.5,89.5,23.30212,20.26272,12.48439,18.72659,15.60549,3,0,13,17,221,1,1908,32,1876,1997.06,3810,0,0,1,0,0,0,0,1,0,0,0,0,0,0,0,0,0,0,0,0,1,0,0
1,1997.5,97.5,6.82272,5.9328,6.2422,9.3633,7.80275,3,2,9.7,11.5,111.55,1,1900,24,1876,1997.06,3810,0,0,1,0,0,0,0,0,0,1,0,0,0,0,0,0,0,0,0,0,1,0,0
1,1997.5,98.5,59.92509,54.47736,31.21099,43.69538,37.45318,3,4,21.7,29.6,642.32,1,1899,23,1876,1997.06,3809,0,0,1,0,0,0,0,0,0,0,0,1,0,0,0,0,0,0,0,0,1,0,0
1,1997.32995605469,63.3300018310547,3.9556,3.43965,4.37774,6.25391,5.31582,3,4,22.5,16.5,371.25,1,1934,58,1876,1997.04,3766,0,0,1,0,0,0,0,0,0,0,0,1,0,0,0,0,0,0,0,0,1,0,0
1,1997,61,14.45632,12.57071,9.42803,12.57071,10.99937,3,10,13.5,10.2,137.7,1,1936,60,1876,1996.12,3627,0,0,1,0,0,0,0,0,0,0,0,0,0,0,0,1,0,0,0,1,0,0,0
1,1997,62,1.87932,1.63419,1.88561,2.51414,2.19987,3,0,14.7,18.5,271.95,1,1935,59,1876,1996.12,3625,0,0,1,0,0,0,0,1,0,0,0,0,0,0,0,0,0,0,0,1,0,0,0
1,1997,97,3.61408,3.14268,3.14268,4.39975,3.77121,3,10,4.5,7.2,32.4,1,1900,24,1876,1996.12,3625,0,0,1,0,0,0,0,0,0,0,0,0,0,0,0,1,0,0,0,1,0,0,0
0,1996.92004394531,81.9199981689453,,,1.63831,2.26843,1.95337,3,10,24.5,18.5,453.25,1,1915,39,1876,1996.11,3594,0,0,1,0,0,0,0,0,0,0,0,0,0,0,0,1,0,0,0,1,0,0,0
1,1996.82995605469,80.8300018310547,1.09039,0.94817,1.26422,1.89633,1.58028,3,0,13.7,20.7,283.59,1,1916,40,1876,1996.1,3591,0,0,1,0,0,0,0,1,0,0,0,0,0,0,0,0,0,0,0,1,0,0,0
1,1996.75,94.75,8.02156,6.97527,6.34115,9.51173,7.92644,3,4,9.5,12.5,118.75,1,1902,26,1876,1996.09,3558,0,0,1,0,0,0,0,0,0,0,0,1,0,0,0,0,0,0,0,1,0,0,0
1,1996.25,66.25,2.9582,2.57235,1.92926,3.21543,2.57235,3,0,20.3,14.7,298.41,1,1930,54,1876,1996.03,3367,0,0,1,0,0,0,0,1,0,0,0,0,0,0,0,0,0,0,0,1,0,0,0
0,1995.92004394531,83.9199981689453,,,32.5309,48.79636,40.66363,3,10,9.2,12,110.4,1,1912,36,1876,1995.11,3255,0,0,1,0,0,0,0,0,0,0,0,0,0,0,0,1,0,0,0,1,0,0,0
0,1995.75,63.75,,,2.61267,3.91901,3.26584,3,4,9.6,23.3,223.68,1,1932,56,1876,1995.09,3193,0,0,1,0,0,0,0,0,0,0,0,1,0,0,0,0,0,0,0,1,0,0,0
1,1995.75,70.75,1.95297,1.69824,1.9595,3.26584,2.61267,3,0,24,29.5,708,1,1925,49,1876,1995.09,3193,0,0,1,0,0,0,0,1,0,0,0,0,0,0,0,0,0,0,0,1,0,0,0
0,1995.75,56.75,,,4.57218,6.53168,5.55193,3,1,8.5,10.2,86.7,1,1939,63,1876,1995.09,3179,0,0,1,0,0,0,0,0,1,0,0,0,0,0,0,0,0,0,0,1,0,0,0
0,1995.75,88.75,,,6.53168,9.79752,8.1646,3,4,16.5,17,280.5,1,1907,31,1876,1995.09,3179,0,0,1,0,0,0,0,0,0,0,0,1,0,0,0,0,0,0,0,1,0,0,0
0,1995.75,91.75,,,4.57218,6.53168,5.55193,3,1,12,17.7,212.4,1,1904,28,1876,1995.09,3178,0,0,1,0,0,0,0,0,1,0,0,0,0,0,0,0,0,0,0,1,0,0,0
1,1995.57995605469,95.5800018310547,0.09043,0.07864,0.32765,0.65531,0.49148,3,1,4.2,5.7,23.94,1,1900,24,1876,1995.07,3123,0,0,1,0,0,0,0,0,1,0,0,0,0,0,0,0,0,0,0,1,0,0,0
1,1995.42004394531,95.4199981689453,13.60947,11.83432,9.86193,16.43655,13.14924,3,0,5,8,40,1,1900,24,1876,1995.05,3067,0,0,1,0,0,0,0,1,0,0,0,0,0,0,0,0,0,0,0,1,0,0,0
1,1995.42004394531,87.4199981689453,30.24326,26.29849,16.43655,23.01118,19.72387,3,1,10.7,18.5,197.95,1,1908,32,1876,1995.05,3067,0,0,1,0,0,0,0,0,1,0,0,0,0,0,0,0,0,0,0,1,0,0,0
1,1995.42004394531,50.4199981689453,28.35634,24.65769,39.44773,52.59698,46.02235,3,2,30,24,720,1,1945,69,1876,1995.05,3067,0,0,1,0,0,0,0,0,0,1,0,0,0,0,0,0,0,0,0,1,0,0,0
1,1995.42004394531,46.4199981689453,5.75279,5.00243,13.14924,19.72387,16.43655,3,4,15.5,11.5,178.25,1,1949,73,1876,1995.05,3066,0,0,1,0,0,0,0,0,0,0,0,1,0,0,0,0,0,0,0,1,0,0,0
0,1995.25,46.25,,,9.92063,16.53439,13.22751,3,10,13.5,18.3,247.05,1,1949,73,1876,1995.03,2998,0,0,1,0,0,0,0,0,0,0,0,0,0,0,0,1,0,0,0,1,0,0,0
0,1995.25,50.25,,,9.92063,13.22751,11.57407,3,4,22.5,20,450,1,1945,69,1876,1995.03,2997,0,0,1,0,0,0,0,0,0,0,0,1,0,0,0,0,0,0,0,1,0,0,0
1,1995.25,92.25,16.7328,14.55026,9.92063,16.53439,13.22751,3,4,9,13,117,1,1903,27,1876,1995.03,2996,0,0,1,0,0,0,0,0,0,0,0,1,0,0,0,0,0,0,0,1,0,0,0
0,1995.25,68.25,,,0.92593,1.19048,1.0582,3,0,11.2,19.7,220.64,1,1927,51,1876,1995.03,2993,0,0,1,0,0,0,0,1,0,0,0,0,0,0,0,0,0,0,0,1,0,0,0
0,1995,66,,,133.2445,199.86676,166.55563,3,2,36,42,1512,1,1929,53,1876,1994.12,2892,0,0,1,0,0,0,0,0,0,1,0,0,0,0,0,0,0,0,0,1,0,0,0
1,1994.92004394531,55.9199981689453,2.45661,2.13618,3.33778,4.6729,4.00534,3,1,18.5,27.5,508.75,1,1939,63,1876,1994.11,2891,0,0,1,0,0,0,0,0,1,0,0,0,0,0,0,0,0,0,0,1,0,0,0
1,1994.75,65.75,49.56463,45.05876,13.39585,20.09377,16.74481,3,4,15.5,11.2,173.6,1,1929,53,1876,1994.09,2821,0,0,1,0,0,0,0,0,0,0,0,1,0,0,0,0,0,0,0,1,0,0,0
1,1994.42004394531,49.4199981689453,14.0339,12.20339,13.55932,20.33898,16.94915,3,10,9.1,13.6,123.76,1,1945,69,1876,1994.05,2702,0,0,1,0,0,0,0,0,0,0,0,0,0,0,0,1,0,0,0,1,0,0,0
1,1994.42004394531,45.4199981689453,5.0678,4.40678,2.37288,3.05085,2.71186,3,0,7.5,4.6,34.5,1,1949,73,1876,1994.05,2700,0,0,1,0,0,0,0,1,0,0,0,0,0,0,0,0,0,0,0,1,0,0,0
1,1994.25,87.25,2.73623,2.37933,1.01971,1.69952,1.35962,3,7,11.7,7.3,85.41,1,1907,31,1876,1994.03,2647,0,0,1,0,0,0,0,0,0,0,0,0,1,0,0,0,0,0,0,1,0,0,0
1,1994.25,47.25,6.64514,5.77838,4.07886,5.43848,4.75867,3,1,17.6,29.7,522.72,1,1947,71,1876,1994.03,2632,0,0,1,0,0,0,0,0,1,0,0,0,0,0,0,0,0,0,0,1,0,0,0
1,1993.75,89.75,6.34483,5.51724,4.82759,6.89655,5.86207,3,4,12.5,19,237.5,1,1904,28,1876,1993.09,2458,0,0,1,0,0,0,0,0,0,0,0,1,0,0,0,0,0,0,0,1,0,0,0
0,1993.75,44.75,,,4.82759,6.89655,5.86207,3,0,7.5,4.6,34.5,1,1949,73,1876,1993.09,2458,0,0,1,0,0,0,0,1,0,0,0,0,0,0,0,0,0,0,0,1,0,0,0
1,1993.75,59.75,2.53793,2.2069,3.44828,4.82759,4.13793,3,4,13.5,12.5,168.75,1,1934,58,1876,1993.09,2457,0,0,1,0,0,0,0,0,0,0,0,1,0,0,0,0,0,0,0,1,0,0,0
1,1993.75,51.75,0.67448,0.58651,0.55172,0.82759,0.68966,3,1,13.7,9.2,126.04,1,1942,66,1876,1993.09,2444,0,0,1,0,0,0,0,0,1,0,0,0,0,0,0,0,0,0,0,1,0,0,0
1,1993.42004394531,88.4199981689453,23.9251,20.80444,34.67406,48.54369,41.60888,3,0,17.7,23.7,419.49,1,1905,29,1876,1993.05,2338,0,0,1,0,0,0,0,1,0,0,0,0,0,0,0,0,0,0,0,1,0,0,0
1,1993.42004394531,68.4199981689453,45.97781,41.79801,41.60888,55.4785,48.54369,3,4,11.2,15.2,170.24,1,1925,49,1876,1993.05,2338,0,0,1,0,0,0,0,0,0,0,0,1,0,0,0,0,0,0,0,1,0,0,0
1,1993.42004394531,87.4199981689453,0.27947,0.24302,0.55479,0.83218,0.69348,3,7,13.7,7.5,102.75,1,1906,30,1876,1993.05,2316,0,0,1,0,0,0,0,0,0,0,0,0,1,0,0,0,0,0,0,1,0,0,0
1,1993.42004394531,84.4199981689453,0.638,0.55479,0.69348,1.04022,0.86685,3,7,13,10.5,136.5,1,1909,33,1876,1993.05,2316,0,0,1,0,0,0,0,0,0,0,0,0,1,0,0,0,0,0,0,1,0,0,0
1,1993.25,59.25,2.00628,1.74459,1.39567,2.09351,1.74459,3,0,17.2,21.7,373.24,1,1934,58,1876,1993.03,2282,0,0,1,0,0,0,0,1,0,0,0,0,0,0,0,0,0,0,0,1,0,0,0
1,1993.25,86.25,0.50244,0.43691,1.39567,2.09351,1.74459,3,9,12,17.2,206.4,1,1907,31,1876,1993.03,2282,0,0,1,0,0,0,0,0,0,0,0,0,0,0,1,0,0,0,0,1,0,0,0
1,1993.25,48.25,1.04327,0.90719,1.04676,1.39567,1.22121,3,0,11.2,12.5,140,1,1945,69,1876,1993.03,2282,0,0,1,0,0,0,0,1,0,0,0,0,0,0,0,0,0,0,0,1,0,0,0
0,1993.25,55.25,,,1.39567,2.09351,1.74459,3,0,17,4.2,71.4,1,1938,62,1876,1993.03,2282,0,0,1,0,0,0,0,1,0,0,0,0,0,0,0,0,0,0,0,1,0,0,0
1,1993,93,17.77934,16.16304,14.05481,21.08222,17.56852,3,0,8.5,13.5,114.75,1,1900,24,1876,1992.12,2165,0,0,1,0,0,0,0,1,0,0,0,0,0,0,0,0,0,0,0,1,0,0,0
1,1993,60,20.09838,18.27126,10.54111,17.56852,14.05481,3,4,19.3,26,501.8,1,1933,57,1876,1992.12,2165,0,0,1,0,0,0,0,0,0,0,0,1,0,0,0,0,0,0,0,1,0,0,0
0,1993,95,,,52.70555,70.27407,61.48981,3,4,22.7,25.8,585.66,1,1898,22,1876,1992.12,2165,0,0,1,0,0,0,0,0,0,0,0,1,0,0,0,0,0,0,0,1,0,0,0
1,1993,52,1.54603,1.40548,1.40548,2.81096,2.10822,3,1,17,11,187,1,1941,65,1876,1992.12,2163,0,0,1,0,0,0,0,0,1,0,0,0,0,0,0,0,0,0,0,1,0,0,0
1,1992.75,52.75,2.18285,1.98441,1.06308,1.77179,1.41743,3,1,10,13.5,135,1,1940,64,1876,1992.09,2095,0,0,1,0,0,0,0,0,1,0,0,0,0,0,0,0,0,0,0,1,0,0,0
1,1992.75,49.75,14.0326,12.75691,12.75691,17.00921,14.88306,3,2,16,20,320,1,1943,67,1876,1992.09,2094,0,0,1,0,0,0,0,0,0,1,0,0,0,0,0,0,0,0,0,1,0,0,0
1,1992.75,58.75,17.15096,15.59178,14.17434,21.26152,17.71793,3,4,18,12,216,1,1934,58,1876,1992.09,2093,0,0,1,0,0,0,0,0,0,0,0,1,0,0,0,0,0,0,0,1,0,0,0
1,1992.42004394531,90.4199981689453,125.98425,114.53114,107.37294,178.9549,143.16392,3,2,26.3,17.3,454.99,1,1902,26,1876,1992.05,1975,0,0,1,0,0,0,0,0,0,1,0,0,0,0,0,0,0,0,0,1,0,0,0
1,1992.42004394531,46.4199981689453,11.02362,10.02147,8.58984,12.88475,10.73729,3,2,9.8,8.1,79.38,1,1946,70,1876,1992.05,1975,0,0,1,0,0,0,0,0,0,1,0,0,0,0,0,0,0,0,0,1,0,0,0
1,1992.42004394531,93.4199981689453,14.96063,13.60057,14.31639,21.47459,17.89549,3,4,21.7,29.5,640.15,1,1899,23,1876,1992.05,1974,0,0,1,0,0,0,0,0,0,0,0,1,0,0,0,0,0,0,0,1,0,0,0
0,1992.32995605469,54.3300018310547,,,2.86944,4.30416,3.5868,3,0,17,4.2,71.4,1,1938,62,1876,1992.04,1932,0,0,1,0,0,0,0,1,0,0,0,0,0,0,0,0,0,0,0,1,0,0,0
0,1992.32995605469,54.3300018310547,,,3.5868,5.02152,4.30416,3,0,16,13.5,216,1,1938,62,1876,1992.04,1918,0,0,1,0,0,0,0,1,0,0,0,0,0,0,0,0,0,0,0,1,0,0,0
0,1992.25,50.25,,,1.07836,1.43781,1.25809,3,1,13.7,9,123.3,1,1942,66,1876,1992.03,1907,0,0,1,0,0,0,0,0,1,0,0,0,0,0,0,0,0,0,0,1,0,0,0
1,1992.25,58.25,6.32638,5.75126,3.59454,5.03235,4.31344,3,4,18,12,216,1,1934,58,1876,1992.03,1899,0,0,1,0,0,0,0,0,0,0,0,1,0,0,0,0,0,0,0,1,0,0,0
0,1992,58,,,10.85384,18.08973,14.47178,3,4,22.5,16.5,371.25,1,1934,58,1876,1991.12,1801,0,0,1,0,0,0,0,0,0,0,0,1,0,0,0,0,0,0,1,0,0,0,0
1,1992,80,6.36758,5.78871,7.23589,10.85384,9.04486,3,0,12,13.2,158.4,1,1912,36,1876,1991.12,1801,0,0,1,0,0,0,0,1,0,0,0,0,0,0,0,0,0,0,1,0,0,0,0
1,1992,88,63.67583,57.88712,72.3589,108.53835,90.44863,3,4,12,13,156,1,1904,28,1876,1991.12,1801,0,0,1,0,0,0,0,0,0,0,0,1,0,0,0,0,0,0,1,0,0,0,0
0,1992,85,,,54.26918,72.3589,63.31404,3,4,23.2,18,417.6,1,1907,31,1876,1991.12,1800,0,0,1,0,0,0,0,0,0,0,0,1,0,0,0,0,0,0,1,0,0,0,0
0,1991.75,92.75,,,29.19708,43.79562,36.49635,3,4,21.7,29.5,640.15,1,1899,23,1876,1991.09,1729,0,0,1,0,0,0,0,0,0,0,0,1,0,0,0,0,0,0,1,0,0,0,0
0,1990.82995605469,45.8300018310547,,,0.74963,1.12444,0.93703,3,1,10.2,11.7,119.34,1,1945,69,1876,1990.1,1389,0,0,1,0,0,0,0,0,1,0,0,0,0,0,0,0,0,1,1,0,0,0,0
0,1990.42004394531,47.4199981689453,,,30.98373,46.4756,38.72967,3,2,16,20,320,1,1943,67,1876,1990.05,1239,0,0,1,0,0,0,0,0,0,1,0,0,0,0,0,0,0,0,1,0,0,0,0
1,1989.42004394531,91.4199981689453,44.46241,40.42037,40.42037,60.63056,50.52546,3,0,22.7,25.8,585.66,1,1898,22,1876,1989.05,876,0,0,1,0,0,0,0,1,0,0,0,0,0,0,0,0,0,0,1,0,0,0,0
1,1989.25,43.25,11.70213,10.6383,12.27496,16.36661,14.32079,3,2,9.8,8.1,79.38,1,1946,70,1876,1989.03,800,0,0,1,0,0,0,0,0,0,1,0,0,0,0,0,0,0,0,1,0,0,0,0
0,1989.17004394531,47.1699981689453,,,2.46711,4.11184,3.28947,3,1,14,9.2,128.8,1,1942,66,1876,1989.02,787,0,0,1,0,0,0,0,0,1,0,0,0,0,0,0,0,0,0,1,0,0,0,0
1,1988.5,48.5,6.99153,6.35593,4.23729,6.77966,5.50847,3,1,18,13.5,243,1,1940,64,1876,1988.06,541,0,0,1,0,0,0,0,0,1,0,0,0,0,0,0,0,0,0,1,0,0,0,0
1,1988.5,39.5,6.99153,6.35593,10.16949,15.25424,12.71186,3,4,22,17.5,385,1,1949,73,1876,1988.06,541,0,0,1,0,0,0,0,0,0,0,0,1,0,0,0,0,0,0,1,0,0,0,0
1,1988.42004394531,39.4199981689453,21.53191,19.57447,12.76596,21.2766,17.02128,3,4,15.5,11.5,178.25,1,1949,73,1876,1988.05,511,0,0,1,0,0,0,0,0,0,0,0,1,0,0,0,0,0,0,1,0,0,0,0
1,1988,55,14.74913,13.4083,12.97578,21.6263,17.30104,3,4,18.75,25,468.75,1,1933,57,1876,1987.12,337,0,0,1,0,0,0,0,0,0,0,0,1,0,0,0,0,0,0,1,0,0,0,0
1,1987.42004394531,53.4199981689453,13.62832,12.38938,10.61947,15.9292,13.27434,3,2,9.7,11.5,111.55,1,1934,58,1876,1987.05,149,0,0,1,0,0,0,0,0,0,1,0,0,0,0,0,0,0,0,1,0,0,0,0
1,2008.42004394531,95.4199981689453,184.39044,153.6587,116.11489,162.56084,139.33787,4,2,26,32,832,0,1913,43,1870,2008.05,7813,0,0,0,1,0,0,0,0,0,1,0,0,0,0,0,0,0,1,0,0,0,0,1
1,2008,98,2.44778,1.95822,2.36501,3.31101,2.83801,4,8,9.25,7.5,69.375,1,1910,40,1870,2007.12,7647,0,0,0,1,0,0,0,0,0,0,0,0,0,1,0,0,0,1,0,0,0,0,1
0,2007.42004394531,97.4199981689453,,,14.50586,24.17643,19.34114,4,2,12,16,192,0,1910,40,1870,2007.05,7448,0,0,0,1,0,0,0,0,0,1,0,0,0,0,0,0,0,0,0,0,0,0,1
1,2007.17004394531,95.1699981689453,2.20331,1.83609,0.58755,0.97925,0.7834,4,9,10,6.5,65,1,1912,42,1870,2007.02,7346,0,0,0,1,0,0,0,0,0,0,0,0,0,0,1,0,0,0,0,0,0,0,1
1,2006.92004394531,95.9199981689453,106.93069,92.98321,49.50495,74.25743,61.88119,4,0,23,17,391,1,1911,41,1870,2006.11,7273,0,0,0,1,0,0,0,1,0,0,0,0,0,0,0,0,0,0,0,0,0,0,1
0,2006.92004394531,76.9199981689453,,,29.70297,39.60396,34.65347,4,2,13,16,208,0,1930,60,1870,2006.11,7273,0,0,0,1,0,0,0,0,0,1,0,0,0,0,0,0,0,0,0,0,0,0,1
0,2006.42004394531,97.4199981689453,,,298.06259,397.41679,347.73969,4,2,25,30,750,1,1909,39,1870,2006.05,7085,0,0,0,1,0,0,0,0,0,1,0,0,0,0,0,0,0,0,0,0,0,0,1
1,2006.32995605469,69.3300018310547,4.76333,3.96944,4.98256,7.47384,6.2282,4,2,14.5,12,174,1,1937,67,1870,2006.04,7052,0,0,0,1,0,0,0,0,0,1,0,0,0,0,0,0,0,0,0,0,0,0,1
1,2005.75,93.75,1.81087,1.50905,2.01207,3.01811,2.51509,4,0,6.2,10.7,66.34,1,1912,42,1870,2005.09,6833,0,0,0,1,0,0,0,1,0,0,0,0,0,0,0,0,0,0,0,0,0,0,1
1,2005.67004394531,69.6699981689453,102.62621,89.24018,101.98878,152.98317,127.48598,4,2,11.5,15.2,174.8,1,1936,66,1870,2005.08,6811,0,0,0,1,0,0,0,0,0,1,0,0,0,0,0,0,0,0,0,0,0,0,1
1,2005.42004394531,91.4199981689453,147.10744,127.91951,129.13223,180.78512,154.95868,4,2,24,20,480,0,1914,44,1870,2005.05,6714,0,0,0,1,0,0,0,0,0,1,0,0,0,0,0,0,0,0,0,0,0,0,1
1,2005.42004394531,75.4199981689453,99.17355,86.23787,36.15702,51.65289,43.90496,4,2,18.5,24.2,447.7,1,1930,60,1870,2005.05,6714,0,0,0,1,0,0,0,0,0,1,0,0,0,0,0,0,0,0,0,0,0,0,1
1,2005,89,471.57016,410.06101,391.23631,521.64841,456.44236,4,2,18,24,432,1,1916,46,1870,2004.12,6545,0,0,0,1,0,0,0,0,0,1,0,0,0,0,0,0,0,0,0,0,0,1,0
1,2004.42004394531,91.4199981689453,194.42083,169.06159,132.83741,185.97237,159.40489,4,2,26,32,832,0,1913,43,1870,2004.05,6348,0,0,0,1,0,0,0,0,0,1,0,0,0,0,0,0,0,0,0,0,0,1,0
1,2004,85,119.02965,211.71282,67.38544,94.33962,80.86253,4,2,20,25.5,510,0,1919,49,1870,2003.12,6181,0,0,0,1,0,0,0,0,0,1,0,0,0,0,0,0,0,0,0,0,0,1,0
1,2003.42004394531,68.4199981689453,62.32914,110.86211,32.80481,43.73975,38.27228,4,2,23.7,19.7,466.89,0,1935,65,1870,2003.05,5985,0,0,0,1,0,0,0,0,0,1,0,0,0,0,0,0,0,0,0,0,0,1,0
1,2003.42004394531,87.4199981689453,27.88409,24.24703,16.40241,27.33734,21.86987,4,2,14,16,224,0,1916,46,1870,2003.05,5985,0,0,0,1,0,0,0,0,0,1,0,0,0,0,0,0,0,0,0,0,0,1,0
1,2003.07995605469,67.0800018310547,103.91566,184.83023,109.52903,164.29354,136.91128,4,2,11.5,15.2,174.8,1,1936,66,1870,2003.01,5855,0,0,0,1,0,0,0,0,0,1,0,0,0,0,0,0,0,0,0,0,0,1,0
1,2000.92004394531,91.9199981689453,205.36739,365.27797,172.21584,287.02641,229.62113,4,2,25,30,750,1,1909,39,1870,2000.11,5083,0,0,0,1,0,0,0,0,0,1,0,0,0,0,0,0,0,0,0,0,1,0,0
1,2000.92004394531,90.9199981689453,31.79104,27.64439,17.22158,28.70264,22.96211,4,4,16.5,11,181.5,1,1910,40,1870,2000.11,5083,0,0,0,1,0,0,0,0,0,0,0,1,0,0,0,0,0,0,0,0,1,0,0
0,2000.92004394531,81.9199981689453,,,143.5132,200.91848,172.21584,4,2,20,25.5,510,0,1919,49,1870,2000.11,5083,0,0,0,1,0,0,0,0,0,1,0,0,0,0,0,0,0,0,0,0,1,0,0
0,2000,81,,,236.96682,355.45024,296.20853,4,2,20,25.5,510,0,1919,49,1870,1999.12,4718,0,0,0,1,0,0,0,0,0,1,0,0,0,0,0,0,0,0,0,0,1,0,0
0,1997.5,93.5,,,312.10986,436.95381,374.53184,4,2,26,32,832,1,1904,34,1870,1997.06,3809,0,0,0,1,0,0,0,0,0,1,0,0,0,0,0,0,0,0,0,0,1,0,0
1,1997,67,46.51163,42.2833,47.14016,62.85355,54.99686,4,2,15,21.7,325.5,1,1930,60,1870,1996.12,3627,0,0,0,1,0,0,0,0,0,1,0,0,0,0,0,0,0,0,0,1,0,0,0
1,1996.42004394531,94.4199981689453,191.49616,174.08742,127.87724,191.81586,159.84655,4,2,25,30,750,1,1902,32,1870,1996.05,3431,0,0,0,1,0,0,0,0,0,1,0,0,0,0,0,0,0,0,0,1,0,0,0
1,1994.25,91.25,1.95445,1.69952,2.03943,3.39905,2.71924,4,0,13.8,14,193.2,1,1903,33,1870,1994.03,2647,0,0,0,1,0,0,0,1,0,0,0,0,0,0,0,0,0,0,0,1,0,0,0
1,1992.42004394531,83.4199981689453,236.22047,214.74588,214.74588,357.90981,286.32785,4,2,26,31,806,1,1909,39,1870,1992.05,1975,0,0,0,1,0,0,0,0,0,1,0,0,0,0,0,0,0,0,0,1,0,0,0
1,1991.92004394531,93.9199981689453,1.51669,1.37881,1.81422,3.2656,2.53991,4,0,17,13.2,224.4,1,1898,28,1870,1991.11,1779,0,0,0,1,0,0,0,1,0,0,0,0,0,0,0,0,0,0,1,0,0,0,0
0,2008.42004394531,108.419998168945,,,92.89191,139.33787,116.11489,5,2,20.25,28,567,1,1900,27,1873,2008.05,7813,0,0,0,0,1,0,0,0,0,1,0,0,0,0,0,0,0,1,0,0,0,0,1
0,2008.42004394531,115.419998168945,,,18.57838,23.22298,20.90068,5,2,14,19,266,1,1893,20,1873,2008.05,7811,0,0,0,0,1,0,0,0,0,1,0,0,0,0,0,0,0,1,0,0,0,0,1
1,2007.25,91.25,19.0015,16.52304,9.74436,14.61654,12.18045,5,2,24,30,720,1,1916,43,1873,2007.03,7372,0,0,0,0,1,0,0,0,0,1,0,0,0,0,0,0,0,0,0,0,0,0,1
1,2006.92004394531,74.9199981689453,29.70297,25.82867,19.80198,29.70297,24.75248,5,2,16,20,320,1,1932,59,1873,2006.11,7274,0,0,0,0,1,0,0,0,0,1,0,0,0,0,0,0,0,0,0,0,0,0,1
1,2006.92004394531,88.9199981689453,9.50495,7.92079,7.42574,9.90099,8.66337,5,2,25.75,23,592.25,1,1918,45,1873,2006.11,7262,0,0,0,0,1,0,0,0,0,1,0,0,0,0,0,0,0,0,0,0,0,0,1
1,2006.5,112.5,38.49356,33.47266,14.8662,24.77701,19.82161,5,2,30,25,750,1,1894,21,1873,2006.06,7096,0,0,0,0,1,0,0,0,0,1,0,0,0,0,0,0,0,0,0,0,0,0,1
0,2006,71,,,1.51439,2.52398,2.01918,5,2,4,5,20,1,1935,62,1873,2005.12,6921,0,0,0,0,1,0,0,0,0,1,0,0,0,0,0,0,0,0,0,0,0,0,1
0,2005.92004394531,89.9199981689453,,,20.19182,30.28773,25.23978,5,2,24,30,720,1,1916,43,1873,2005.11,6909,0,0,0,0,1,0,0,0,0,1,0,0,0,0,0,0,0,0,0,0,0,0,1
1,2005.42004394531,89.4199981689453,1.76136,1.4678,2.06612,3.09917,2.58264,5,2,10,13,130,1,1916,43,1873,2005.05,6724,0,0,0,0,1,0,0,0,0,1,0,0,0,0,0,0,0,0,0,0,0,0,1
1,2005,91,53.20814,46.26795,13.04121,18.25769,15.64945,5,2,15.2,19.2,291.84,1,1914,41,1873,2004.12,6545,0,0,0,0,1,0,0,0,0,1,0,0,0,0,0,0,0,0,0,0,0,1,0
1,2005,93,17.2144,14.96904,13.04121,18.25769,15.64945,5,2,16,20,320,1,1912,39,1873,2004.12,6545,0,0,0,0,1,0,0,0,0,1,0,0,0,0,0,0,0,0,0,0,0,1,0
1,2004.5,91.5,1.86607,1.55506,1.58814,2.6469,2.11752,5,10,12.5,10,125,1,1913,40,1873,2004.06,6369,0,0,0,0,1,0,0,0,0,0,0,0,0,0,0,1,0,0,0,0,0,1,0
0,2003.25,85.25,,,10.87548,27.18869,19.03208,5,2,19.7,23.5,462.95,1,1918,45,1873,2003.03,5908,0,0,0,0,1,0,0,0,0,1,0,0,0,0,0,0,0,0,0,0,0,1,0
1,2003,101,36.15512,31.43923,38.50385,49.50495,44.0044,5,2,20.2,24.2,488.84,1,1902,29,1873,2002.12,5816,0,0,0,0,1,0,0,0,0,1,0,0,0,0,0,0,0,0,0,0,0,1,0
0,2002.75,105.75,,,3.31858,4.42478,3.87168,5,2,17.2,12,206.4,1,1897,24,1873,2002.09,5743,0,0,0,0,1,0,0,0,0,1,0,0,0,0,0,0,0,0,0,0,0,1,0
1,2001.42004394531,91.4199981689453,27.07276,23.54153,16.92047,28.20079,22.56063,5,2,15,23,345,0,1910,37,1873,2001.05,5256,0,0,0,0,1,0,0,0,0,1,0,0,0,0,0,0,0,1,0,0,0,1,0
1,2001,87,25.7732,22.41147,8.59107,14.31844,11.45475,5,2,16.1,20.1,323.61,1,1914,41,1873,2000.12,5088,0,0,0,0,1,0,0,0,0,1,0,0,0,0,0,0,0,0,0,0,1,0,0
1,1999.42004394531,84.4199981689453,47.89157,43.53779,24.09639,36.14458,30.12048,5,2,20,24.2,484,1,1915,42,1873,1999.05,4530,0,0,0,0,1,0,0,0,0,1,0,0,0,0,0,0,0,0,0,0,1,0,0
1,1999,96,88.50365,80.45786,60.82725,91.24088,76.03406,5,2,34.5,40.5,1397.25,1,1903,30,1873,1998.12,4355,0,0,0,0,1,0,0,0,0,1,0,0,0,0,0,0,0,0,0,0,1,0,0
1,1998,88,123.91842,112.65311,108.15822,139.06057,123.60939,5,2,24.5,30,735,1,1910,37,1873,1997.12,3990,0,0,0,0,1,0,0,0,0,1,0,0,0,0,0,0,0,0,0,0,1,0,0
1,1998,92,59.33251,53.93864,61.8047,92.70705,77.25587,5,2,25,30,750,1,1906,33,1873,1997.12,3992,0,0,0,0,1,0,0,0,0,1,0,0,0,0,0,0,0,0,0,0,1,0,0
1,1996.42004394531,88.4199981689453,135.23018,122.93653,95.90793,159.84655,127.87724,5,2,33,40,1320,1,1908,35,1873,1996.05,3430,0,0,0,0,1,0,0,0,0,1,0,0,0,0,0,0,0,0,0,1,0,0,0
0,1993,90,,,105.4111,175.68517,140.54814,5,2,34.5,40.5,1397.25,1,1903,30,1873,1992.12,2165,0,0,0,0,1,0,0,0,0,1,0,0,0,0,0,0,0,0,0,1,0,0,0
0,1992.42004394531,79.4199981689453,,,143.16392,214.74588,178.9549,5,2,20,24.1,482,1,1913,40,1873,1992.05,1975,0,0,0,0,1,0,0,0,0,1,0,0,0,0,0,0,0,0,0,1,0,0,0
1,1992.32995605469,80.3300018310547,8.68006,7.89096,7.1736,10.7604,8.967,5,2,16,20,320,1,1912,39,1873,1992.04,1918,0,0,0,0,1,0,0,0,0,1,0,0,0,0,0,0,0,0,0,1,0,0,0
1,1990.75,58.75,20.75472,18.86792,9.0566,13.58491,11.32075,5,2,16,20,320,1,1932,59,1873,1990.09,1366,0,0,0,0,1,0,0,0,0,1,0,0,0,0,0,0,0,1,1,0,0,0,0
1,1989,86,100.24855,91.13505,66.28003,99.42005,82.85004,5,2,25,30,750,1,1903,30,1873,1988.12,702,0,0,0,0,1,0,0,0,0,1,0,0,0,0,0,0,0,0,1,0,0,0,0
0,1987.42004394531,89.4199981689453,,,17.69912,26.54867,22.12389,5,2,14,17,238,1,1898,25,1873,1987.05,149,0,0,0,0,1,0,0,0,0,1,0,0,0,0,0,0,0,0,1,0,0,0,0
1,2008.67004394531,88.6699981689453,23.58534,19.65445,9.1416,13.71241,11.427,6,1,14,20,280,1,1920,53,1867,2008.08,7884,0,0,0,0,0,1,0,0,1,0,0,0,0,0,0,0,0,1,0,0,0,0,1
1,2008,86,16.95709,14.13091,2.36501,3.78401,3.07451,6,2,30.5,25,762.5,1,1922,55,1867,2007.12,7641,0,0,0,0,0,1,0,0,0,1,0,0,0,0,0,0,0,1,0,0,0,0,1
0,2007.92004394531,87.9199981689453,,,18.97443,28.46165,23.71804,6,2,24.2,18.2,440.44,1,1920,53,1867,2007.11,7638,0,0,0,0,0,1,0,0,0,1,0,0,0,0,0,0,0,0,0,0,0,0,1
0,2007.92004394531,85.9199981689453,,,33.20526,47.43608,40.32067,6,2,16,20,320,1,1922,55,1867,2007.11,7638,0,0,0,0,0,1,0,0,0,1,0,0,0,0,0,0,0,0,0,0,0,0,1
1,2007.42004394531,85.4199981689453,43.51757,37.84137,19.34114,29.01172,24.17643,6,2,16,20,320,1,1922,55,1867,2007.05,7448,0,0,0,0,0,1,0,0,0,1,0,0,0,0,0,0,0,0,0,0,0,0,1
1,2007.17004394531,105.169998168945,12.38751,10.77175,12.24062,24.48124,18.36093,6,2,27,21,567,1,1902,35,1867,2007.02,7338,0,0,0,0,0,1,0,0,0,1,0,0,0,0,0,0,0,0,0,0,0,0,1
1,2007.17004394531,74.1699981689453,0.2928,0.244,0.19585,0.29377,0.24481,6,9,9.5,7.13,67.735,1,1933,66,1867,2007.02,7338,0,0,0,0,0,1,0,0,0,0,0,0,0,0,1,0,0,0,0,0,0,0,1
1,2006.82995605469,101.830001831055,7.69688,6.41407,7.42942,12.38237,9.90589,6,0,16.2,24.1,390.42,1,1905,38,1867,2006.1,7239,0,0,0,0,0,1,0,1,0,0,0,0,0,0,0,0,0,0,0,0,0,0,1
0,2006.75,84.75,,,3.45168,4.93097,4.19132,6,2,30.5,25,762.5,1,1922,55,1867,2006.09,7196,0,0,0,0,0,1,0,0,0,1,0,0,0,0,0,0,0,0,0,0,0,0,1
1,2006.42004394531,71.4199981689453,0.32706,0.27255,0.39643,0.59465,0.49554,6,0,10,6.5,65,1,1935,68,1867,2006.05,7062,0,0,0,0,0,1,0,1,0,0,0,0,0,0,0,0,0,0,0,0,0,0,1
1,2006.25,80.25,10.81622,9.40541,7.51127,12.51878,10.01502,6,2,30,25,750,1,1926,59,1867,2006.03,7001,0,0,0,0,0,1,0,0,0,1,0,0,0,0,0,0,0,0,0,0,0,0,1
1,2005.92004394531,89.9199981689453,109.03584,94.81377,40.38364,60.57547,50.47956,6,2,39,44.7,1743.3,1,1916,49,1867,2005.11,6909,0,0,0,0,0,1,0,0,0,1,0,0,0,0,0,0,0,0,0,0,0,0,1
1,2005.92004394531,85.9199981689453,0.27562,0.22968,0.40384,0.60575,0.5048,6,3,9,11,99,1,1920,53,1867,2005.11,6891,0,0,0,0,0,1,0,0,0,0,1,0,0,0,0,0,0,0,0,0,0,0,1
1,2005.92004394531,70.9199981689453,0.2524,0.21033,0.75719,1.26199,1.00959,6,0,10,6.5,65,1,1935,68,1867,2005.11,6891,0,0,0,0,0,1,0,1,0,0,0,0,0,0,0,0,0,0,0,0,0,0,1
1,2005.07995605469,105.080001831055,3.60125,3.00104,2.34864,3.13152,2.74008,6,0,14,9.5,133,1,1900,33,1867,2005.01,6577,0,0,0,0,0,1,0,1,0,0,0,0,0,0,0,0,0,0,0,0,0,0,1
1,2005,76,11.89358,10.34225,10.43297,15.64945,13.04121,6,1,14,20,280,1,1929,62,1867,2004.12,6545,0,0,0,0,0,1,0,0,1,0,0,0,0,0,0,0,0,0,0,0,0,1,0
0,2004.75,81.75,,,1.05374,2.10748,1.58061,6,1,12.5,9.2,115,1,1923,56,1867,2004.09,6463,0,0,0,0,0,1,0,0,1,0,0,0,0,0,0,0,0,0,0,0,0,1,0
1,2004.25,89.25,10.26189,8.55158,8.0171,10.68947,9.35329,6,2,20.2,16.2,327.24,0,1915,48,1867,2004.03,6300,0,0,0,0,0,1,0,0,0,1,0,0,0,0,0,0,0,0,0,0,0,1,0
1,2004.25,104.25,1.91609,1.59674,2.13789,3.20684,2.67237,6,0,14,9.5,133,1,1900,33,1867,2004.03,6280,0,0,0,0,0,1,0,1,0,0,0,0,0,0,0,0,0,0,0,0,0,1,0
1,2003.82995605469,83.8300018310547,1.80963,3.08161,1.6225,2.70416,2.16333,6,2,6.1,9.1,55.51,0,1920,53,1867,2003.1,6147,0,0,0,0,0,1,0,0,0,1,0,0,0,0,0,0,0,0,0,0,0,1,0
1,2003.42004394531,87.4199981689453,71.73319,127.58867,27.33734,41.00601,34.17168,6,2,14,19,266,1,1916,49,1867,2003.05,5985,0,0,0,0,0,1,0,0,0,1,0,0,0,0,0,0,0,0,0,0,0,1,0
0,2002.32995605469,98.3300018310547,,,6.69269,10.03904,8.36587,6,2,16,12,192,1,1904,37,1867,2002.04,5594,0,0,0,0,0,1,0,0,0,1,0,0,0,0,0,0,0,0,0,0,0,1,0
1,2002.32995605469,78.3300018310547,0.30452,0.51856,0.27886,0.44618,0.36252,6,3,4.5,7.5,33.75,1,1924,57,1867,2002.04,5582,0,0,0,0,0,1,0,0,0,0,1,0,0,0,0,0,0,0,0,0,0,1,0
1,2002,94,61.58399,109.53674,56.36979,70.46223,63.41601,6,2,28.2,29,817.8,1,1908,41,1867,2001.12,5449,0,0,0,0,0,1,0,0,0,1,0,0,0,0,0,0,0,0,0,0,0,1,0
1,2001.92004394531,81.9199981689453,26.47887,23.02511,33.80282,45.07042,39.43662,6,2,24.2,18.3,442.86,1,1920,53,1867,2001.11,5447,0,0,0,0,0,1,0,0,0,1,0,0,0,0,0,0,0,1,0,0,0,1,0
1,2000,67,0.49763,0.43272,0.47393,0.7109,0.59242,6,3,9.5,7,66.5,1,1933,66,1867,1999.12,4718,0,0,0,0,0,1,0,0,0,0,1,0,0,0,0,0,0,0,0,0,1,0,0
1,1999.42004394531,77.4199981689453,64.45783,58.59803,48.19277,72.28916,60.24096,6,2,16,20,320,1,1922,55,1867,1999.05,4529,0,0,0,0,0,1,0,0,0,1,0,0,0,0,0,0,0,0,0,0,1,0,0
1,1999.25,74.25,0.69782,0.6068,0.91019,1.21359,1.06189,6,9,7.2,11.2,80.64,1,1925,58,1867,1999.03,4472,0,0,0,0,0,1,0,0,0,0,0,0,0,0,1,0,0,0,0,0,1,0,0
1,1998.42004394531,92.4199981689453,16.97417,14.76015,18.45018,30.75031,24.60025,6,2,25,30,750,1,1906,39,1867,1998.05,4159,0,0,0,0,0,1,0,0,0,1,0,0,0,0,0,0,0,0,0,0,1,0,0
1,1998.42004394531,83.4199981689453,1.76814,1.53752,6.15006,9.22509,7.68758,6,2,30,25,750,1,1915,48,1867,1998.05,4158,0,0,0,0,0,1,0,0,0,1,0,0,0,0,0,0,0,0,0,0,1,0,0
1,1998.42004394531,76.4199981689453,69.18819,62.89836,61.50062,92.25092,76.87577,6,2,30.2,25.1,758.02,1,1922,55,1867,1998.05,4146,0,0,0,0,0,1,0,0,0,1,0,0,0,0,0,0,0,0,0,0,1,0,0
1,1997,73,7.22816,6.28536,4.39975,6.28536,5.34255,6,2,21,16,336,1,1924,57,1867,1996.12,3625,0,0,0,0,0,1,0,0,0,1,0,0,0,0,0,0,0,0,0,1,0,0,0
1,1996.42004394531,91.4199981689453,6.39386,5.55988,3.19693,5.11509,4.15601,6,0,16.2,24.1,390.42,1,1905,38,1867,1996.05,3429,0,0,0,0,0,1,0,1,0,0,0,0,0,0,0,0,0,0,0,1,0,0,0
1,1996.42004394531,106.419998168945,0.57545,0.50039,0.63939,0.95908,0.79923,6,10,9.7,9.5,92.15,1,1890,23,1867,1996.05,3412,0,0,0,0,0,1,0,0,0,0,0,0,0,0,0,1,0,0,0,1,0,0,0
1,1996,80,1.12086,0.97466,0.64977,0.97466,0.81222,6,8,10.2,7.7,78.54,1,1916,49,1867,1995.12,3268,0,0,0,0,0,1,0,0,0,0,0,0,0,1,0,0,0,0,0,1,0,0,0
1,1995.42004394531,90.4199981689453,39.6121,36.011,82.18277,115.05588,98.61933,6,2,29.5,28.7,846.65,1,1905,38,1867,1995.05,3067,0,0,0,0,0,1,0,0,0,1,0,0,0,0,0,0,0,0,0,1,0,0,0
1,1994.42004394531,72.4199981689453,70.30508,63.91371,16.94915,20.33898,18.64407,6,2,16,20,320,1,1922,55,1867,1994.05,2703,0,0,0,0,0,1,0,0,0,1,0,0,0,0,0,0,0,0,0,1,0,0,0
1,1993.42004394531,93.4199981689453,13.56449,11.79521,6.93481,10.40222,8.66852,6,4,17.6,28.7,505.12,1,1900,33,1867,1993.05,2338,0,0,0,0,0,1,0,0,0,0,0,1,0,0,0,0,0,0,0,1,0,0,0
1,1993,63,5.4111,4.91918,7.02741,10.54111,8.78426,6,1,14,20,280,1,1930,63,1867,1992.12,2165,0,0,0,0,0,1,0,0,1,0,0,0,0,0,0,0,0,0,0,1,0,0,0
0,1992.25,69.25,,,3.59454,5.03235,4.31344,6,2,20,16,320,1,1923,56,1867,1992.03,1898,0,0,0,0,0,1,0,0,0,1,0,0,0,0,0,0,0,0,0,1,0,0,0
0,1991.42004394531,91.4199981689453,,,22.12389,36.87316,29.49853,6,4,17.6,28.7,505.12,1,1900,33,1867,1991.05,1603,0,0,0,0,0,1,0,0,0,0,0,1,0,0,0,0,0,0,1,0,0,0,0
0,1990.92004394531,67.9199981689453,,,7.47943,11.21915,9.34929,6,2,20,16,320,1,1923,56,1867,1990.11,1430,0,0,0,0,0,1,0,0,0,1,0,0,0,0,0,0,0,1,1,0,0,0,0
0,1989,81,,,58.42259,77.89679,68.15969,6,2,28.2,29,817.8,1,1908,41,1867,1988.12,702,0,0,0,0,0,1,0,0,0,1,0,0,0,0,0,0,0,0,1,0,0,0,0
1,1989,69,16.40431,14.91301,8.285,12.42751,10.35626,6,1,14,20,280,1,1920,53,1867,1988.12,702,0,0,0,0,0,1,0,0,1,0,0,0,0,0,0,0,0,0,1,0,0,0,0
0,2008.92004394531,83.9199981689453,,,37.55833,46.94792,42.25312,7,2,20,24,480,1,1925,54,1871,2008.11,7983,0,0,0,0,0,0,0,0,0,1,0,0,0,0,0,0,0,1,0,0,0,0,1
1,2008.75,82.75,1.86427,1.49142,0.45693,0.68539,0.57116,7,3,5.5,4.13,22.715,1,1926,55,1871,2008.09,7932,0,0,0,0,0,0,0,0,0,0,1,0,0,0,0,0,0,1,0,0,0,0,1
1,2008.5,62.5,1.19686,0.95749,0.6905,1.15083,0.92066,7,7,14.63,10.25,149.958,1,1946,75,1871,2008.06,7834,0,0,0,0,0,0,0,0,0,0,0,0,1,0,0,0,0,1,0,0,0,0,1
0,2008.07995605469,70.0800018310547,,,0.70695,0.9426,0.82477,7,3,7,9.5,66.5,1,1938,67,1871,2008.01,7701,0,0,0,0,0,0,0,0,0,0,1,0,0,0,0,0,0,1,0,0,0,0,1
1,2008,93,0.90438,0.7235,0.473,0.7095,0.59125,7,12,10.38,9.25,96.015,1,1915,44,1871,2007.12,7641,0,0,0,0,0,0,0,0,0,0,0,0,0,0,0,0,0,1,0,0,0,0,1
1,2007.92004394531,91.9199981689453,63.08999,52.57499,56.9233,85.38494,71.15412,7,2,24,20,480,1,1916,45,1871,2007.11,7638,0,0,0,0,0,0,0,0,0,1,0,0,0,0,0,0,0,0,0,0,0,0,1
1,2007.92004394531,99.9199981689453,20.39751,16.99793,18.97443,28.46165,23.71804,7,2,9,11.7,105.3,1,1908,37,1871,2007.11,7638,0,0,0,0,0,0,0,0,0,1,0,0,0,0,0,0,0,0,0,0,0,0,1
1,2007.92004394531,90.9199981689453,137.09027,114.24189,118.5902,166.02628,142.30824,7,2,20,24,480,1,1917,46,1871,2007.11,7638,0,0,0,0,0,0,0,0,0,1,0,0,0,0,0,0,0,0,0,0,0,0,1
1,2007.75,77.75,0.71954,0.57563,2.39846,3.35785,2.87815,7,3,13.5,19.2,259.2,1,1930,59,1871,2007.09,7560,0,0,0,0,0,0,0,0,0,0,1,0,0,0,0,0,0,0,0,0,0,0,1
0,2007.67004394531,78.6699981689453,,,2.40745,3.37042,2.88893,7,7,17.25,12.75,219.938,1,1929,58,1871,2007.08,7545,0,0,0,0,0,0,0,0,0,0,0,0,1,0,0,0,0,0,0,0,0,0,1
1,2007.42004394531,79.4199981689453,5.80234,4.83529,5.80234,8.70351,7.25293,7,2,20,26,520,1,1928,57,1871,2007.05,7447,0,0,0,0,0,0,0,0,0,1,0,0,0,0,0,0,0,0,0,0,0,0,1
1,2006.92004394531,98.9199981689453,32.67327,28.41154,24.75248,34.65347,29.70297,7,2,8.7,10.7,93.09,1,1908,37,1871,2006.11,7274,0,0,0,0,0,0,0,0,0,1,0,0,0,0,0,0,0,0,0,0,0,0,1
1,2006.92004394531,60.9199981689453,20.79208,18.08007,9.90099,14.85149,12.37624,7,0,16,20,320,1,1946,75,1871,2006.11,7274,0,0,0,0,0,0,0,1,0,0,0,0,0,0,0,0,0,0,0,0,0,0,1
1,2006.5,93.5,2.37859,1.98216,0.99108,1.48662,1.23885,7,3,12.7,19.7,250.19,1,1913,42,1871,2006.06,7099,0,0,0,0,0,0,0,0,0,0,1,0,0,0,0,0,0,0,0,0,0,0,1
1,2006.42004394531,91.4199981689453,113.26379,98.49025,59.61252,89.41878,74.51565,7,2,20,24,480,1,1915,44,1871,2006.05,7085,0,0,0,0,0,0,0,0,0,1,0,0,0,0,0,0,0,0,0,0,0,0,1
1,2006.25,90.25,0.76164,0.6347,0.4006,0.6009,0.50075,7,3,7,4.2,29.4,0,1916,45,1871,2006.03,7023,0,0,0,0,0,0,0,0,0,0,1,0,0,0,0,0,0,0,0,0,0,0,1
1,2006.25,61.25,1.8027,1.50225,1.50225,2.50376,2.003,7,0,12,18,216,1,1945,74,1871,2006.03,7001,0,0,0,0,0,0,0,1,0,0,0,0,0,0,0,0,0,0,0,0,0,0,1
0,2006,80,,,35.33569,50.47956,42.90762,7,2,20.2,26.2,529.24,1,1926,55,1871,2005.12,6910,0,0,0,0,0,0,0,0,0,1,0,0,0,0,0,0,0,0,0,0,0,0,1
0,2006,76,,,30.28773,40.38364,35.33569,7,0,27,24,648,1,1930,59,1871,2005.12,6910,0,0,0,0,0,0,0,1,0,0,0,0,0,0,0,0,0,0,0,0,0,0,1
0,2006,60,,,50.47956,75.71933,63.09944,7,0,18,25.5,459,1,1946,75,1871,2005.12,6910,0,0,0,0,0,0,0,1,0,0,0,0,0,0,0,0,0,0,0,0,0,0,1
1,2005.92004394531,80.9199981689453,16.65825,14.48544,7.57193,10.09591,8.83392,7,2,16,20,320,1,1925,54,1871,2005.11,6909,0,0,0,0,0,0,0,0,0,1,0,0,0,0,0,0,0,0,0,0,0,0,1
1,2005.75,97.75,15.04024,13.07847,15.09054,25.15091,20.12072,7,2,8.7,10.7,93.09,1,1908,37,1871,2005.09,6836,0,0,0,0,0,0,0,0,0,1,0,0,0,0,0,0,0,0,0,0,0,0,1
1,2005,94,185.28951,161.12132,65.20605,91.28847,78.24726,7,2,22,26.2,576.4,1,1911,40,1871,2004.12,6545,0,0,0,0,0,0,0,0,0,1,0,0,0,0,0,0,0,0,0,0,0,1,0
1,2005,93,4.38185,3.65154,1.0433,1.56495,1.30412,7,7,9.3,13,120.9,1,1912,41,1871,2004.12,6545,0,0,0,0,0,0,0,0,0,0,0,0,1,0,0,0,0,0,0,0,0,1,0
1,2005,86,486.17632,422.76201,91.28847,117.37089,104.32968,7,2,20,24,480,1,1919,48,1871,2004.12,6545,0,0,0,0,0,0,0,0,0,1,0,0,0,0,0,0,0,0,0,0,0,1,0
1,2005,57,26.60407,23.13397,20.86594,31.2989,26.08242,7,0,20,24,480,1,1948,77,1871,2004.12,6545,0,0,0,0,0,0,0,1,0,0,0,0,0,0,0,0,0,0,0,0,0,1,0
1,2005,86,43.81847,38.10301,31.2989,41.73187,36.51539,7,2,20,24,480,1,1919,48,1871,2004.12,6545,0,0,0,0,0,0,0,0,0,1,0,0,0,0,0,0,0,0,0,0,0,1,0
1,2004.92004394531,81.9199981689453,26.08242,22.68037,31.2989,36.51539,33.90715,7,2,18,22,396,1,1923,52,1871,2004.11,6527,0,0,0,0,0,0,0,0,0,1,0,0,0,0,0,0,0,0,0,0,0,1,0
0,2004.75,76.75,,,4.74183,6.32244,5.53214,7,2,22,27,594,1,1928,57,1871,2004.09,6482,0,0,0,0,0,0,0,0,0,1,0,0,0,0,0,0,0,0,0,0,0,1,0
1,2004.5,74.5,3.43039,2.85866,1.58814,2.6469,2.11752,7,3,13.5,19.2,259.2,1,1930,59,1871,2004.06,6371,0,0,0,0,0,0,0,0,0,0,1,0,0,0,0,0,0,0,0,0,0,1,0
1,2004.42004394531,90.4199981689453,38.25717,33.26711,21.25399,31.88098,26.56748,7,2,20,24,480,1,1914,43,1871,2004.05,6349,0,0,0,0,0,0,0,0,0,1,0,0,0,0,0,0,0,0,0,0,0,1,0
0,2004.25,76.25,,,6.41368,9.62052,8.0171,7,2,22,27,594,1,1928,57,1871,2004.03,6280,0,0,0,0,0,0,0,0,0,1,0,0,0,0,0,0,0,0,0,0,0,1,0
1,2004,88,0.34825,0.59303,0.21563,0.32345,0.26954,7,3,6.7,4.5,30.15,1,1916,45,1871,2003.12,6185,0,0,0,0,0,0,0,0,0,0,1,0,0,0,0,0,0,0,0,0,0,1,0
1,2004,83,0.76011,1.29439,0.26954,0.43127,0.3504,7,3,7.7,10,77,1,1921,50,1871,2003.12,6185,0,0,0,0,0,0,0,0,0,0,1,0,0,0,0,0,0,0,0,0,0,1,0
1,2004,69,14.17251,12.32392,13.47709,18.86792,16.17251,7,2,22,18,396,1,1935,64,1871,2003.12,6182,0,0,0,0,0,0,0,0,0,1,0,0,0,0,0,0,0,0,0,0,0,1,0
1,2004,90,70.72776,125.80037,43.12668,64.69003,53.90836,7,2,20,24,480,1,1914,43,1871,2003.12,6181,0,0,0,0,0,0,0,0,0,1,0,0,0,0,0,0,0,0,0,0,0,1,0
1,2004,86,16.10782,14.0068,4.31267,6.469,5.39084,7,2,24,20,480,1,1918,47,1871,2003.12,6181,0,0,0,0,0,0,0,0,0,1,0,0,0,0,0,0,0,0,0,0,0,1,0
1,2003.82995605469,60.8300018310547,4.2185,7.18367,2.70416,4.32666,3.51541,7,2,16,20,320,1,1943,72,1871,2003.1,6148,0,0,0,0,0,0,0,0,0,1,0,0,0,0,0,0,0,0,0,0,0,1,0
1,2003.82995605469,80.8300018310547,29.08599,25.29217,8.11249,13.52082,10.81666,7,2,18,22,396,1,1923,52,1871,2003.1,6126,0,0,0,0,0,0,0,0,0,1,0,0,0,0,0,0,0,0,0,0,0,1,0
1,2003.42004394531,96.4199981689453,1657.73647,2948.54312,1093.49371,1640.24057,1366.86714,7,2,31.7,26,824.2,1,1907,36,1871,2003.05,5985,0,0,0,0,0,0,0,0,0,1,0,0,0,0,0,0,0,0,0,0,0,1,0
1,2003.25,73.25,13.13214,11.41925,10.87548,16.31321,13.59434,7,2,24,20,480,1,1930,59,1871,2003.03,5905,0,0,0,0,0,0,0,0,0,1,0,0,0,0,0,0,0,0,0,0,0,1,0
1,2003,95,46.0121,40.01052,33.0033,44.0044,38.50385,7,2,9,11,99,1,1908,37,1871,2002.12,5818,0,0,0,0,0,0,0,0,0,1,0,0,0,0,0,0,0,0,0,0,0,1,0
1,2003,71,17.09021,14.86105,13.75138,19.25193,16.50165,7,2,24,30,720,1,1932,61,1871,2002.12,5818,0,0,0,0,0,0,0,0,0,1,0,0,0,0,0,0,0,0,0,0,0,1,0
1,2003,96,1275.57756,2268.81384,1375.13751,1925.19252,1650.16502,7,2,21.5,26.5,569.75,1,1907,36,1871,2002.12,1817,0,0,0,0,0,0,0,0,0,1,0,0,0,0,0,0,0,0,1,0,0,0,0
0,2002.5,53.5,,,0.44543,0.66815,0.55679,7,9,22.5,11.3,254.25,1,1949,78,1871,2002.06,5649,0,0,0,0,0,0,0,0,0,0,0,0,0,0,1,0,0,0,0,0,0,1,0
0,2002.42004394531,100.419998168945,,,22.28412,33.42618,27.85515,7,2,24.2,32,774.4,1,1902,31,1871,2002.05,5621,0,0,0,0,0,0,0,0,0,1,0,0,0,0,0,0,0,0,0,0,0,1,0
1,2002,73,0.51409,0.87545,0.67644,1.01466,0.84555,7,3,10.7,8.7,93.09,1,1929,58,1871,2001.12,5465,0,0,0,0,0,0,0,0,0,0,1,0,0,0,0,0,0,0,0,0,0,1,0
1,2001.92004394531,85.9199981689453,26.35287,22.91554,28.18489,42.27734,35.23112,7,2,20,24,480,1,1916,45,1871,2001.11,5446,0,0,0,0,0,0,0,0,0,1,0,0,0,0,0,0,0,1,0,0,0,1,0
1,2001.82995605469,65.8300018310547,5.95721,10.14452,6.75676,10.13514,8.44595,7,2,22,24,528,1,1936,65,1871,2001.1,5390,0,0,0,0,0,0,0,0,0,1,0,0,0,0,0,0,0,1,0,0,0,1,0
1,2001.5,58.5,2.51266,4.27881,2.25098,3.37648,2.81373,7,2,9,17,153,1,1943,72,1871,2001.06,5278,0,0,0,0,0,0,0,0,0,1,0,0,0,0,0,0,0,1,0,0,0,1,0
1,2001.5,70.5,1.81823,3.09627,1.68824,2.81373,2.25098,7,4,9,14,126,1,1931,60,1871,2001.06,5278,0,0,0,0,0,0,0,0,0,0,0,1,0,0,0,0,0,1,0,0,0,1,0
1,2001.42004394531,95.4199981689453,3.38409,5.76277,1.12803,1.69205,1.41004,7,7,14,15.7,219.8,1,1906,35,1871,2001.05,5256,0,0,0,0,0,0,0,0,0,0,0,0,1,0,0,0,0,1,0,0,0,1,0
1,2000.92004394531,84.9199981689453,53.2434,46.29861,22.96211,34.44317,28.70264,7,2,16,20,320,1,1916,45,1871,2000.11,5083,0,0,0,0,0,0,0,0,0,1,0,0,0,0,0,0,0,0,0,0,1,0,0
1,2000.75,58.75,0.67535,1.15005,0.57604,0.86406,0.72005,7,8,12.5,13.7,171.25,1,1942,71,1871,2000.09,5020,0,0,0,0,0,0,0,0,0,0,0,0,0,1,0,0,0,0,0,0,1,0,0
0,2000.5,72.5,,,11.6144,14.518,13.0662,7,3,9.2,12.2,112.24,1,1928,57,1871,2000.06,4915,0,0,0,0,0,0,0,0,0,0,1,0,0,0,0,0,0,0,0,0,1,0,0
1,1999.75,53.75,0.26818,0.2332,0.44696,0.59595,0.52145,7,4,13,8,104,0,1946,75,1871,1999.09,4637,0,0,0,0,0,0,0,0,0,0,0,1,0,0,0,0,0,0,0,0,1,0,0
1,1999,85,2.27372,1.97715,0.91241,1.52068,1.21655,7,7,20,16,320,1,1914,43,1871,1998.12,4360,0,0,0,0,0,0,0,0,0,0,0,0,1,0,0,0,0,0,0,0,1,0,0
1,1999,85,18.18735,15.81509,18.24818,30.41363,24.3309,7,2,20,24,480,1,1914,43,1871,1998.12,4354,0,0,0,0,0,0,0,0,0,1,0,0,0,0,0,0,0,0,0,0,1,0,0
0,1998.92004394531,63.9199981689453,,,6.09385,9.14077,7.61731,7,2,26,19.7,512.2,1,1935,64,1871,1998.11,4336,0,0,0,0,0,0,0,0,0,1,0,0,0,0,0,0,0,0,0,0,1,0,0
1,1998.42004394531,98.4199981689453,45.51046,41.37314,30.75031,43.05043,36.90037,7,2,22,30,660,1,1900,29,1871,1998.05,4159,0,0,0,0,0,0,0,0,0,1,0,0,0,0,0,0,0,0,0,0,1,0,0
1,1998.42004394531,81.4199981689453,22.37392,19.45559,18.45018,30.75031,24.60025,7,2,22,27,594,1,1917,46,1871,1998.05,4158,0,0,0,0,0,0,0,0,0,1,0,0,0,0,0,0,0,0,0,0,1,0,0
0,1998.42004394531,74.4199981689453,,,15.37515,21.52522,18.45018,7,2,26,34.2,889.2,1,1924,53,1871,1998.05,4158,0,0,0,0,0,0,0,0,0,1,0,0,0,0,0,0,0,0,0,0,1,0,0
1,1998,82,55.93325,50.84841,37.08282,49.44376,43.26329,7,2,20,24,480,1,1916,45,1871,1997.12,3990,0,0,0,0,0,0,0,0,0,1,0,0,0,0,0,0,0,0,0,0,1,0,0
1,1997.5,96.5,15.07491,13.10861,12.48439,18.72659,15.60549,7,2,27,23,621,1,1901,30,1871,1997.06,3810,0,0,0,0,0,0,0,0,0,1,0,0,0,0,0,0,0,0,0,0,1,0,0
1,1997,82,55.15399,50.13999,31.42678,47.14016,39.28347,7,2,20,24,480,1,1915,44,1871,1996.12,3627,0,0,0,0,0,0,0,0,0,1,0,0,0,0,0,0,0,0,0,1,0,0,0
0,1996.42004394531,64.4199981689453,,,12.78772,19.18159,15.98465,7,2,24,30,720,1,1932,61,1871,1996.05,3430,0,0,0,0,0,0,0,0,0,1,0,0,0,0,0,0,0,0,0,1,0,0,0
1,1996.42004394531,60.4199981689453,8.08824,7.03325,7.67263,11.50895,9.59079,7,2,22,24,528,1,1936,65,1871,1996.05,3430,0,0,0,0,0,0,0,0,0,1,0,0,0,0,0,0,0,0,0,1,0,0,0
1,1995.92004394531,83.9199981689453,252.11451,229.19501,162.65452,227.71633,195.18543,7,2,24,20,480,1,1912,41,1871,1995.11,3255,0,0,0,0,0,0,0,0,0,1,0,0,0,0,0,0,0,0,0,1,0,0,0
0,1995.92004394531,95.9199981689453,,,48.79636,65.06181,56.92908,7,2,22,30,660,1,1900,29,1871,1995.11,3255,0,0,0,0,0,0,0,0,0,1,0,0,0,0,0,0,0,0,0,1,0,0,0
1,1995.92004394531,83.9199981689453,1.12232,0.97593,1.17111,1.43136,1.30124,7,7,12.2,8.7,106.14,1,1912,41,1871,1995.11,3243,0,0,0,0,0,0,0,0,0,0,0,0,1,0,0,0,0,0,0,1,0,0,0
1,1995.25,76.25,12.16931,10.58201,6.61376,9.92063,8.2672,7,2,20,24,480,1,1919,48,1871,1995.03,2997,0,0,0,0,0,0,0,0,0,1,0,0,0,0,0,0,0,0,0,1,0,0,0
1,1994.25,88.25,1.95445,1.69952,2.71924,4.07886,3.39905,7,7,15,19,285,1,1906,35,1871,1994.03,2633,0,0,0,0,0,0,0,0,0,0,0,0,1,0,0,0,0,0,0,1,0,0,0
1,1993.42004394531,85.4199981689453,8.77254,7.62829,5.54785,8.32178,6.93481,7,2,8.6,10.8,92.88,1,1908,37,1871,1993.05,2339,0,0,0,0,0,0,0,0,0,1,0,0,0,0,0,0,0,0,0,1,0,0,0
1,1993.42004394531,78.4199981689453,13.55756,11.78918,10.40222,17.33703,13.86963,7,2,24,20,480,1,1915,44,1871,1993.05,2339,0,0,0,0,0,0,0,0,0,1,0,0,0,0,0,0,0,0,0,1,0,0,0
0,1993.42004394531,75.4199981689453,,,17.33703,31.20666,24.27184,7,2,32,25.7,822.4,1,1918,47,1871,1993.05,2338,0,0,0,0,0,0,0,0,0,1,0,0,0,0,0,0,0,0,0,1,0,0,0
1,1992.75,67.75,17.15096,15.59178,15.59178,19.84408,17.71793,7,2,15.8,20.3,320.74,1,1925,54,1871,1992.09,2093,0,0,0,0,0,0,0,0,0,1,0,0,0,0,0,0,0,0,0,1,0,0,0
1,1992.5,66.5,1.26801,1.15274,1.44092,1.92123,1.68108,7,3,12,10.5,126,1,1926,55,1871,1992.06,1988,0,0,0,0,0,0,0,0,0,0,1,0,0,0,0,0,0,0,0,1,0,0,0
0,1992.32995605469,67.3300018310547,,,10.7604,17.934,14.3472,7,2,9,11,99,1,1925,54,1871,1992.04,1918,0,0,0,0,0,0,0,0,0,1,0,0,0,0,0,0,0,0,0,1,0,0,0
1,1992,66,43.77713,39.7974,28.94356,43.41534,36.17945,7,2,32,26,832,1,1926,55,1871,1991.12,1801,0,0,0,0,0,0,0,0,0,1,0,0,0,0,0,0,0,0,1,0,0,0,0
0,1992,77,,,21.70767,36.17945,28.94356,7,2,24,20,480,1,1915,44,1871,1991.12,1801,0,0,0,0,0,0,0,0,0,1,0,0,0,0,0,0,0,0,1,0,0,0,0
1,1989.92004394531,70.9199981689453,91.73948,83.39952,47.65687,63.54249,55.59968,7,2,20,24,480,1,1919,48,1871,1989.11,1065,0,0,0,0,0,0,0,0,0,1,0,0,0,0,0,0,0,0,1,0,0,0,0
1,1989.25,72.25,54.00982,49.09984,32.73322,49.09984,40.91653,7,2,20,24,480,1,1917,46,1871,1989.03,800,0,0,0,0,0,0,0,0,0,1,0,0,0,0,0,0,0,0,1,0,0,0,0
1,1989,70,20.04971,18.22701,20.71251,37.28252,28.99751,7,2,20,24.25,485,1,1919,48,1871,1988.12,702,0,0,0,0,0,0,0,0,0,1,0,0,0,0,0,0,0,0,1,0,0,0,0
1,1988.75,53.75,16.56904,15.06276,8.3682,12.5523,10.46025,7,2,22,18,396,1,1935,64,1871,1988.09,639,0,0,0,0,0,0,0,0,0,1,0,0,0,0,0,0,0,0,1,0,0,0,0
1,1988.75,81.75,13.80753,12.5523,6.69456,10.04184,8.3682,7,2,9.1,11.1,101.01,1,1907,36,1871,1988.09,632,0,0,0,0,0,0,0,0,0,1,0,0,0,0,0,0,0,0,1,0,0,0,0
1,1988,60,7.13668,6.48789,6.05536,8.65052,7.35294,7,2,20,26,520,1,1928,57,1871,1987.12,337,0,0,0,0,0,0,0,0,0,1,0,0,0,0,0,0,0,0,1,0,0,0,0
1,1987.75,57.75,1.91805,1.74368,1.30776,2.1796,1.74368,7,7,9,11.1,99.9,1,1930,59,1871,1987.09,265,0,0,0,0,0,0,0,0,0,0,0,0,1,0,0,0,0,0,1,0,0,0,0
0,2008.42004394531,92.4199981689453,,,69.66893,116.11489,92.89191,8,0,13.75,19.75,271.563,1,1916,58,1858,2008.05,7813,0,0,0,0,0,0,1,1,0,0,0,0,0,0,0,0,0,1,0,0,0,0,1
1,2008.42004394531,96.4199981689453,47.83933,39.86611,69.66893,116.11489,92.89191,8,0,13.75,19.75,271.563,1,1912,54,1858,2008.05,7813,0,0,0,0,0,0,1,1,0,0,0,0,0,0,0,0,0,1,0,0,0,0,1
1,2008.42004394531,101.419998168945,123.08178,102.56815,92.89191,139.33787,116.11489,8,1,11,16,176,1,1907,49,1858,2008.05,7813,0,0,0,0,0,0,1,0,1,0,0,0,0,0,0,0,0,1,0,0,0,0,1
0,2008.42004394531,101.419998168945,,,232.22978,325.12169,278.67573,8,2,20.25,26.25,531.563,1,1907,49,1858,2008.05,7813,0,0,0,0,0,0,1,0,0,1,0,0,0,0,0,0,0,1,0,0,0,0,1
1,2008.42004394531,107.419998168945,11.61149,9.67624,11.61149,16.25608,13.93379,8,0,11,7.2,79.2,1,1901,43,1858,2008.05,7794,0,0,0,0,0,0,1,1,0,0,0,0,0,0,0,0,0,1,0,0,0,0,1
1,2007.42004394531,113.419998168945,439.04397,381.77736,193.41144,290.11716,241.7643,8,0,15.7,7.5,117.75,1,1894,36,1858,2007.05,7448,0,0,0,0,0,0,1,1,0,0,0,0,0,0,0,0,0,0,0,0,0,0,1
1,2006.42004394531,117.419998168945,4.96175,4.13479,4.22255,6.20964,5.2161,8,1,13.25,9.25,122.563,1,1889,31,1858,2006.05,7079,0,0,0,0,0,0,1,0,1,0,0,0,0,0,0,0,0,0,0,0,0,0,1
1,2005.92004394531,104.919998168945,234.22514,203.67403,75.71933,126.19889,100.95911,8,1,14,19.7,275.8,1,1901,43,1858,2005.11,6909,0,0,0,0,0,0,1,0,1,0,0,0,0,0,0,0,0,0,0,0,0,0,1
1,2005.92004394531,101.919998168945,84.80565,73.74405,40.38364,60.57547,50.47956,8,0,12,18,216,1,1904,46,1858,2005.11,6909,0,0,0,0,0,0,1,1,0,0,0,0,0,0,0,0,0,0,0,0,0,0,1
0,2005.75,116.75,,,12.57545,17.60563,15.09054,8,1,13.25,9.25,122.563,1,1889,31,1858,2005.09,6834,0,0,0,0,0,0,1,0,1,0,0,0,0,0,0,0,0,0,0,0,0,0,1
0,2004.42004394531,110.419998168945,,,318.80978,425.0797,371.94474,8,0,15.7,7.5,117.75,1,1894,36,1858,2004.05,6349,0,0,0,0,0,0,1,1,0,0,0,0,0,0,0,0,0,0,0,0,0,1,0
1,2004.42004394531,110.419998168945,47.62487,41.41293,15.94049,26.56748,21.25399,8,1,13,8.5,110.5,1,1894,36,1858,2004.05,6348,0,0,0,0,0,0,1,0,1,0,0,0,0,0,0,0,0,0,0,0,0,1,0
0,2004,97,,,26.95418,37.73585,32.34501,8,2,8.5,6.2,52.7,1,1907,49,1858,2003.12,6181,0,0,0,0,0,0,1,0,0,1,0,0,0,0,0,0,0,0,0,0,0,1,0
1,2003.42004394531,96.4199981689453,218.69874,388.98986,109.34937,164.02406,136.68671,8,2,10.5,13.7,143.85,1,1907,49,1858,2003.05,5985,0,0,0,0,0,0,1,0,0,1,0,0,0,0,0,0,0,0,0,0,0,1,0
1,2003.42004394531,107.419998168945,540.18589,960.80495,546.74686,820.12028,683.43357,8,0,14.2,20.7,293.94,1,1896,38,1858,2003.05,5985,0,0,0,0,0,0,1,1,0,0,0,0,0,0,0,0,0,0,0,0,0,1,0
1,2003.42004394531,94.4199981689453,26.24385,22.82074,32.80481,43.73975,38.27228,8,0,15.5,22,341,1,1909,51,1858,2003.05,5985,0,0,0,0,0,0,1,1,0,0,0,0,0,0,0,0,0,0,0,0,0,1,0
1,2003,104,307.75578,547.3917,385.0385,495.0495,440.044,8,1,14.2,21,298.2,1,1899,41,1858,2002.12,5817,0,0,0,0,0,0,1,0,1,0,0,0,0,0,0,0,0,0,0,0,0,1,0
0,2003,88,,,550.05501,825.08251,687.56876,8,2,18.5,32.2,595.7,0,1915,57,1858,2002.12,5817,0,0,0,0,0,0,1,0,0,1,0,0,0,0,0,0,0,0,0,0,0,1,0
0,2002,82,,,1.1274,1.69109,1.40924,8,3,11.3,8,90.4,0,1920,62,1858,2001.12,5453,0,0,0,0,0,0,1,0,0,0,1,0,0,0,0,0,0,0,0,0,0,1,0
1,2001.42004394531,107.419998168945,114.91822,204.39999,112.80316,169.20474,141.00395,8,1,10.2,13.2,134.64,1,1894,36,1858,2001.05,5258,0,0,0,0,0,0,1,0,1,0,0,0,0,0,0,0,0,1,0,0,0,1,0
0,2001.42004394531,102.419998168945,,,84.60237,141.00395,112.80316,8,1,11,15,165,1,1899,41,1858,2001.05,5258,0,0,0,0,0,0,1,0,1,0,0,0,0,0,0,0,0,1,0,0,0,1,0
1,2001.25,111.25,21.65247,18.82823,3.97501,5.67859,4.8268,8,1,8.5,10,85,1,1890,32,1858,2001.03,5187,0,0,0,0,0,0,1,0,1,0,0,0,0,0,0,0,0,1,0,0,0,1,0
1,2000.92004394531,93.9199981689453,33.43858,29.07702,28.70264,43.05396,35.8783,8,2,8.5,6.2,52.7,1,1907,49,1858,2000.11,5083,0,0,0,0,0,0,1,0,0,1,0,0,0,0,0,0,0,0,0,0,1,0,0
1,2000.92004394531,102.919998168945,950.48794,1690.59121,1148.10563,1722.15844,1435.13203,8,1,20.7,15.5,320.85,1,1898,40,1858,2000.11,5083,0,0,0,0,0,0,1,0,1,0,0,0,0,0,0,0,0,0,0,0,1,0,0
1,2000,103,17.03199,14.81043,10.66351,14.21801,12.44076,8,1,10.5,7.5,78.75,1,1897,39,1858,1999.12,4718,0,0,0,0,0,0,1,0,1,0,0,0,0,0,0,0,0,0,0,0,1,0,0
1,2000,93,392.4763,356.79664,355.45024,473.93365,414.69194,8,2,18,21,378,1,1907,49,1858,1999.12,4718,0,0,0,0,0,0,1,0,0,1,0,0,0,0,0,0,0,0,0,0,1,0,0
1,1999.92004394531,105.919998168945,19.12114,16.62708,14.84561,20.78385,17.81473,8,1,9,12.2,109.8,1,1894,36,1858,1999.11,4717,0,0,0,0,0,0,1,0,1,0,0,0,0,0,0,0,0,0,0,0,1,0,0
1,1999.92004394531,107.919998168945,125.59382,114.1762,71.25891,106.88836,89.07363,8,1,9,12.3,110.7,1,1892,34,1858,1999.11,4717,0,0,0,0,0,0,1,0,1,0,0,0,0,0,0,0,0,0,0,0,1,0,0
0,1999.42004394531,86.4199981689453,,,481.92771,722.89157,602.40964,8,2,18,27.7,498.6,1,1913,55,1858,1999.05,4530,0,0,0,0,0,0,1,0,0,1,0,0,0,0,0,0,0,0,0,0,1,0,0
1,1999.42004394531,94.4199981689453,134.03614,121.85104,120.48193,180.72289,150.60241,8,1,11,15.5,170.5,1,1905,47,1858,1999.05,4530,0,0,0,0,0,0,1,0,1,0,0,0,0,0,0,0,0,0,0,0,1,0,0
1,1999,84,53.07178,48.24707,18.24818,30.41363,24.3309,8,1,14.5,17.5,253.75,1,1915,57,1858,1998.12,4355,0,0,0,0,0,0,1,0,1,0,0,0,0,0,0,0,0,0,0,0,1,0,0
1,1998.42004394531,85.4199981689453,45.51046,41.37314,30.75031,43.05043,36.90037,8,2,10.5,13.7,143.85,1,1913,55,1858,1998.05,4159,0,0,0,0,0,0,1,0,0,1,0,0,0,0,0,0,0,0,0,0,1,0,0
1,1998.42004394531,85.4199981689453,231.54982,210.49983,123.00123,184.50185,153.75154,8,2,18,22,396,1,1913,55,1858,1998.05,4158,0,0,0,0,0,0,1,0,0,1,0,0,0,0,0,0,0,0,0,0,1,0,0
0,1998.42004394531,101.419998168945,,,18.45018,30.75031,24.60025,8,1,10.5,7.5,78.75,1,1897,39,1858,1998.05,4158,0,0,0,0,0,0,1,0,1,0,0,0,0,0,0,0,0,0,0,0,1,0,0
1,1998.32995605469,85.3300018310547,14.88903,12.94698,7.39827,11.09741,9.24784,8,1,9,7.2,64.8,1,1913,55,1858,1998.04,4131,0,0,0,0,0,0,1,0,1,0,0,0,0,0,0,0,0,0,0,0,1,0,0
1,1997.5,82.5,49.62547,45.11406,24.96879,37.45318,31.21099,8,0,12.2,19,231.8,1,1915,57,1858,1997.06,3810,0,0,0,0,0,0,1,1,0,0,0,0,0,0,0,0,0,0,0,0,1,0,0
0,1997,82,,,125.7071,188.56065,157.13388,8,1,14.5,17.5,253.75,1,1915,57,1858,1996.12,3627,0,0,0,0,0,0,1,0,1,0,0,0,0,0,0,0,0,0,0,1,0,0,0
1,1997,81,53.42552,48.56865,47.14016,62.85355,54.99686,8,0,13.5,19.5,263.25,1,1916,58,1858,1996.12,3627,0,0,0,0,0,0,1,1,0,0,0,0,0,0,0,0,0,0,0,1,0,0,0
1,1997,82,67.2533,61.13936,47.14016,62.85355,54.99686,8,1,13.5,19.5,263.25,1,1915,57,1858,1996.12,3627,0,0,0,0,0,0,1,0,1,0,0,0,0,0,0,0,0,0,0,1,0,0,0
1,1996.75,105.75,34.64172,31.49248,12.68231,19.02346,15.85289,8,1,7,5,35,1,1891,33,1858,1996.09,3557,0,0,0,0,0,0,1,0,1,0,0,0,0,0,0,0,0,0,0,1,0,0,0
0,1995.42004394531,97.4199981689453,,,39.44773,52.59698,46.02235,8,1,13.7,9.7,132.89,1,1898,40,1858,1995.05,3066,0,0,0,0,0,0,1,0,1,0,0,0,0,0,0,0,0,0,0,1,0,0,0
1,1995,80,49.30047,44.81861,49.96669,66.62225,58.29447,8,1,11.2,15.2,170.24,1,1915,57,1858,1994.12,2892,0,0,0,0,0,0,1,0,1,0,0,0,0,0,0,0,0,0,0,1,0,0,0
0,1995,80,,,53.2978,79.9467,66.62225,8,1,12.2,19,231.8,1,1915,57,1858,1994.12,2892,0,0,0,0,0,0,1,0,1,0,0,0,0,0,0,0,0,0,0,1,0,0,0
1,1994,87,257.34792,233.95265,205.0581,341.7635,273.4108,8,2,20.25,26.25,531.563,1,1907,49,1858,1993.12,2528,0,0,0,0,0,0,1,0,0,1,0,0,0,0,0,0,0,0,0,1,0,0,0
1,1993.42004394531,100.419998168945,35.88766,32.62514,20.80444,34.67406,27.73925,8,0,11,8.2,90.2,1,1893,35,1858,1993.05,2339,0,0,0,0,0,0,1,1,0,0,0,0,0,0,0,0,0,0,0,1,0,0,0
0,1993.42004394531,80.4199981689453,,,69.34813,104.02219,86.68516,8,2,10.5,13.7,143.85,1,1913,55,1858,1993.05,2338,0,0,0,0,0,0,1,0,0,1,0,0,0,0,0,0,0,0,0,1,0,0,0
1,1993,96,189.38862,172.17147,122.97962,158.11665,140.54814,8,1,16,11.5,184,1,1897,39,1858,1992.12,2165,0,0,0,0,0,0,1,0,1,0,0,0,0,0,0,0,0,0,0,1,0,0,0
1,1992.42004394531,100.419998168945,27.55906,25.05369,28.63278,42.94918,35.79098,8,1,12.7,9.3,118.11,1,1892,34,1858,1992.05,1975,0,0,0,0,0,0,1,0,1,0,0,0,0,0,0,0,0,0,0,1,0,0,0
1,1989,97,45.56752,41.42502,41.42502,62.13753,51.78128,8,1,12.7,9.3,118.11,1,1892,34,1858,1988.12,702,0,0,0,0,0,0,1,0,1,0,0,0,0,0,0,0,0,0,1,0,0,0,0
