"date","returns"
7/7/1995,4.44824
7/10/1995,-0.08102
7/11/1995,-2.59245
7/12/1995,-0.04314
7/13/1995,1.10954
7/14/1995,-0.51186
7/17/1995,6.32883
7/18/1995,2.83806
7/19/1995,-3.48288
7/20/1995,-0.09846
7/21/1995,0.47115
7/24/1995,2.33145
7/25/1995,-0.89707
7/26/1995,-1.78681
7/27/1995,0.95044
7/28/1995,-0.33019
7/31/1995,0.01869
8/1/1995,2.81389
8/2/1995,-2.17758
8/3/1995,0.49165
8/4/1995,0.91134
8/7/1995,1.1485
8/8/1995,-0.7759
8/9/1995,0.68952
8/10/1995,2.43574
8/11/1995,1.32962
8/14/1995,4.09492
8/15/1995,-3.22754
8/16/1995,2.13023
8/17/1995,0.2329
8/18/1995,-1.57449
8/21/1995,-2.4552
8/22/1995,0.10819
8/23/1995,-1.35671
8/24/1995,0.54108
8/25/1995,-0.85807
8/28/1995,-0.26975
8/29/1995,-0.48905
8/30/1995,-0.88329
8/31/1995,1.13088
9/1/1995,0.68424
9/4/1995,1.23405
9/5/1995,0.22201
9/6/1995,1.90459
9/7/1995,0.01194
9/8/1995,-0.3668
9/11/1995,3.19313
9/12/1995,-1.52816
9/13/1995,-0.0668
9/14/1995,-0.6639
9/15/1995,-0.29061
9/18/1995,0.19427
9/19/1995,-2.76565
9/20/1995,-1.44922
9/21/1995,0.69032
9/22/1995,-0.15878
9/25/1995,-0.9165
9/26/1995,0.75885
9/27/1995,-2.83881
9/28/1995,0.3846
9/29/1995,1.56809
10/2/1995,-0.00042
10/3/1995,0
10/4/1995,-0.64393
10/5/1995,0.98291
10/6/1995,-0.68105
10/9/1995,-1.91697
10/10/1995,0.33076
10/11/1995,0.31842
10/12/1995,-0.91713
10/13/1995,-0.20179
10/16/1995,-0.23357
10/17/1995,0.15103
10/18/1995,2.03357
10/19/1995,-1.97806
10/20/1995,3.28913
10/23/1995,-0.44157
10/24/1995,0.06636
10/25/1995,4.96605
10/26/1995,-3.88016
10/27/1995,-1.25187
10/30/1995,0.05674
10/31/1995,-0.75828
11/1/1995,0.84265
11/2/1995,-0.2339
11/3/1995,0.8403
11/6/1995,1.14214
11/7/1995,-0.88141
11/8/1995,-2.50898
11/9/1995,-0.05763
11/10/1995,-0.34367
11/13/1995,-2.87112
11/14/1995,0.02468
11/15/1995,0.48224
11/16/1995,-1.42003
11/17/1995,-0.92005
11/20/1995,-0.21467
11/21/1995,0.54391
11/22/1995,-2.2509
11/23/1995,-0.74904
11/24/1995,0.15178
11/27/1995,-2.1988
11/28/1995,1.16216
11/29/1995,-1.69689
11/30/1995,-0.07016
12/1/1995,-1.14986
12/4/1995,0.17498
12/5/1995,0.3616
12/6/1995,-1.38903
12/7/1995,0.54116
12/8/1995,0.7788
12/11/1995,-2.7899
12/12/1995,1.63212
12/13/1995,-2.51773
12/14/1995,0.15465
12/15/1995,-1.78236
12/18/1995,-1.9649
12/19/1995,-0.01351
12/20/1995,1.50535
12/21/1995,-0.60244
12/22/1995,-0.53538
12/25/1995,-2.42035
12/26/1995,-1.35563
12/27/1995,-0.31857
12/28/1995,-2.40958
12/29/1995,-0.27515
1/1/1996,-0.0018
1/2/1996,-3.18556
1/3/1996,0.84237
1/4/1996,2.96794
1/5/1996,-4.08958
1/8/1996,0.52067
1/9/1996,3.54385
1/10/1996,-1.98878
1/11/1996,-0.36222
1/12/1996,0.26905
1/15/1996,0.71575
1/16/1996,-0.59702
1/17/1996,-1.9262
1/18/1996,-3.73145
1/19/1996,1.12954
1/22/1996,-1.35583
1/23/1996,0.60614
1/24/1996,0.58145
1/25/1996,-0.24138
1/26/1996,0.80234
1/29/1996,0.67697
1/30/1996,0.64613
1/31/1996,0.89353
2/1/1996,-0.12476
2/2/1996,-0.11932
2/5/1996,-2.49142
2/6/1996,-0.41398
2/7/1996,0.69092
2/8/1996,-0.46647
2/9/1996,0.67796
2/12/1996,-0.29735
2/13/1996,1.08789
2/14/1996,-0.06233
2/15/1996,1.44999
2/16/1996,2.92886
2/19/1996,-0.00181
2/20/1996,0.0009
2/21/1996,0.0009
2/22/1996,-0.00181
2/23/1996,0
2/26/1996,0
2/27/1996,0
2/28/1996,0
2/29/1996,0
3/1/1996,0
3/4/1996,8.49928
3/5/1996,-2.50972
3/6/1996,-4.77261
3/7/1996,1.70593
3/8/1996,0.66523
3/11/1996,-0.87799
3/12/1996,-0.74912
3/13/1996,-0.12067
3/14/1996,-0.15993
3/15/1996,0.016
3/18/1996,0.9697
3/19/1996,-0.23272
3/20/1996,0.54919
3/21/1996,0.0158
3/22/1996,0.07369
3/25/1996,0.01052
3/26/1996,-1.18545
3/27/1996,-0.20784
3/28/1996,-1.48875
3/29/1996,0.42326
4/1/1996,1.74602
4/2/1996,-1.59875
4/3/1996,0.67431
4/4/1996,0.39318
4/5/1996,3.37636
4/8/1996,-0.19761
4/9/1996,-0.57096
4/10/1996,0.30227
4/11/1996,0.61211
4/12/1996,0.61179
4/15/1996,-0.39091
4/16/1996,1.05146
4/17/1996,0.42728
4/18/1996,1.15612
4/19/1996,2.92864
4/22/1996,-0.67365
4/23/1996,1.58356
4/24/1996,6.34789
4/25/1996,-1.81889
4/26/1996,8.08215
4/29/1996,4.28905
4/30/1996,-8.09864
5/1/1996,0
5/2/1996,-4.00326
5/3/1996,-0.67307
5/6/1996,3.21524
5/7/1996,-1.51905
5/8/1996,0.01664
5/9/1996,-0.66304
5/10/1996,0.69328
5/13/1996,0.69902
5/14/1996,-0.10364
5/15/1996,2.46845
5/16/1996,0.1509
5/17/1996,4.13676
5/20/1996,-1.25089
5/21/1996,-6.04317
5/22/1996,1.01769
5/23/1996,-3.95845
5/24/1996,-0.44757
5/27/1996,-0.288
5/28/1996,1.39316
5/29/1996,0.56263
5/30/1996,-2.20691
5/31/1996,1.13907
6/3/1996,-0.39852
6/4/1996,1.61229
6/5/1996,6.74496
6/6/1996,0.81023
6/7/1996,3.45494
6/10/1996,4.96841
6/11/1996,-1.59961
6/12/1996,0.46551
6/13/1996,1.69377
6/14/1996,1.11259
6/17/1996,-3.30643
6/18/1996,5.37928
6/19/1996,0.42126
6/20/1996,-0.41748
6/21/1996,0.31704
6/24/1996,-0.34855
6/25/1996,-1.6125
6/26/1996,2.63082
6/27/1996,0.62192
6/28/1996,-0.27441
7/1/1996,-5.51191
7/2/1996,-0.18543
7/3/1996,3.41854
7/4/1996,-0.08908
7/5/1996,-0.00637
7/8/1996,2.75772
7/9/1996,1.26406
7/10/1996,0.29799
7/11/1996,-3.47155
7/12/1996,0.54644
7/15/1996,-0.9145
7/16/1996,4.20843
7/17/1996,-1.72668
7/18/1996,1.11247
7/19/1996,4.6445
7/22/1996,3.21636
7/23/1996,-1.53384
7/24/1996,1.83398
7/25/1996,-2.21452
7/26/1996,-2.68974
7/29/1996,1.21139
7/30/1996,-2.18521
7/31/1996,-1.74163
8/1/1996,1.52393
8/2/1996,0.45042
8/5/1996,1.69146
8/6/1996,1.05282
8/7/1996,0.58399
8/8/1996,1.00157
8/9/1996,-0.50355
8/12/1996,1.64428
8/13/1996,-1.27667
8/14/1996,-0.36188
8/15/1996,-0.66994
8/16/1996,-1.39096
8/19/1996,-2.1605
8/20/1996,-1.58984
8/21/1996,1.34901
8/22/1996,-1.86589
8/23/1996,-1.78932
8/26/1996,-3.8844
8/27/1996,1.84557
8/28/1996,1.18286
8/29/1996,-1.02298
8/30/1996,2.65361
9/2/1996,-0.63912
9/3/1996,-0.56823
9/4/1996,1.46383
9/5/1996,0.29021
9/6/1996,-1.6279
9/9/1996,-0.95811
9/10/1996,-3.74103
9/11/1996,0.62594
9/12/1996,-1.59339
9/13/1996,2.86188
9/16/1996,-0.10017
9/17/1996,-0.23283
9/18/1996,-2.0453
9/19/1996,1.09031
9/20/1996,4.62919
9/23/1996,5.60619
9/24/1996,-0.24326
9/25/1996,-1.7495
9/26/1996,2.30565
9/27/1996,2.41257
9/30/1996,0
10/1/1996,-2.41257
10/2/1996,0
10/3/1996,1.25921
10/4/1996,-0.23482
10/7/1996,0.13888
10/8/1996,1.48659
10/9/1996,-0.41105
10/10/1996,3.38482
10/11/1996,0.63837
10/14/1996,3.33962
10/15/1996,-0.37272
10/16/1996,-0.36448
10/17/1996,1.95532
10/18/1996,-1.30957
10/21/1996,2.56904
10/22/1996,1.24483
10/23/1996,3.4583
10/24/1996,-0.28929
10/25/1996,0.47115
10/28/1996,1.00122
10/29/1996,-0.52343
10/30/1996,-5.92951
10/31/1996,1.83613
11/1/1996,-4.81561
11/4/1996,1.52782
11/5/1996,-1.82478
11/6/1996,-1.40854
11/7/1996,1.42039
11/8/1996,-0.91677
11/11/1996,1.54294
11/12/1996,0.9622
11/13/1996,-0.26334
11/14/1996,1.33813
11/15/1996,-0.2479
11/18/1996,5.5099
11/19/1996,1.11549
11/20/1996,-0.10143
11/21/1996,-7.58762
11/22/1996,1.16878
11/25/1996,2.56395
11/26/1996,-0.92175
11/27/1996,1.31318
11/28/1996,1.24278
11/29/1996,3.9806
12/2/1996,9.37909
12/3/1996,-1.02149
12/4/1996,4.09406
12/5/1996,3.54025
12/6/1996,0.0668
12/9/1996,2.82639
12/10/1996,-1.40524
12/11/1996,1.18378
12/12/1996,-5.59674
12/13/1996,-5.86917
12/16/1996,-10.43761
12/17/1996,-9.91997
12/18/1996,7.15309
12/19/1996,-7.50265
12/20/1996,-1.92212
12/23/1996,1.87668
12/24/1996,-4.12258
12/25/1996,3.3625
12/26/1996,3.1947
12/27/1996,-0.2047
12/30/1996,1.27765
12/31/1996,-1.8572
1/1/1997,-0.00109
1/2/1997,0.26464
1/3/1997,-2.18035
1/6/1997,-2.60246
1/7/1997,2.44227
1/8/1997,-0.19615
1/9/1997,1.17225
1/10/1997,1.25126
1/13/1997,1.20353
1/14/1997,-2.35892
1/15/1997,0.97229
1/16/1997,-0.18671
1/17/1997,0.52756
1/20/1997,1.44946
1/21/1997,-0.44781
1/22/1997,1.42451
1/23/1997,0.35589
1/24/1997,0.85487
1/27/1997,0.53738
1/28/1997,-0.28715
1/29/1997,0.60363
1/30/1997,-0.2008
1/31/1997,0.47483
2/3/1997,-0.43942
2/4/1997,0
2/5/1997,0
2/6/1997,0
2/7/1997,-0.00104
2/10/1997,0.00104
2/11/1997,0
2/12/1997,0
2/13/1997,0
2/14/1997,0
2/17/1997,2.25342
2/18/1997,-9.33425
2/19/1997,7.30753
2/20/1997,0.24796
2/21/1997,5.25292
2/24/1997,-0.74703
2/25/1997,0.8286
2/26/1997,1.32231
2/27/1997,-0.60385
2/28/1997,1.4495
3/3/1997,2.16618
3/4/1997,0.47954
3/5/1997,-1.51019
3/6/1997,2.53195
3/7/1997,-0.13075
3/10/1997,2.01715
3/11/1997,0.90975
3/12/1997,1.46969
3/13/1997,-0.79165
3/14/1997,0.75967
3/17/1997,2.86149
3/18/1997,0.35759
3/19/1997,-0.11704
3/20/1997,-3.55429
3/21/1997,4.06107
3/24/1997,2.0824
3/25/1997,0.51139
3/26/1997,1.44793
3/27/1997,-0.08644
3/28/1997,-0.95908
3/31/1997,2.62191
4/1/1997,0.51784
4/2/1997,-0.58023
4/3/1997,0.98231
4/4/1997,1.19108
4/7/1997,1.21781
4/8/1997,-2.31023
4/9/1997,3.12482
4/10/1997,-0.38618
4/11/1997,-0.26246
4/14/1997,2.95847
4/15/1997,0.60866
4/16/1997,0.21261
4/17/1997,-0.33269
4/18/1997,1.10169
4/21/1997,1.78146
4/22/1997,0.25077
4/23/1997,0.97219
4/24/1997,0.10438
4/25/1997,-1.11466
4/28/1997,-0.95548
4/29/1997,1.81552
4/30/1997,1.22578
5/1/1997,-0.00072
5/2/1997,0
5/5/1997,3.88346
5/6/1997,2.3235
5/7/1997,0.83735
5/8/1997,-6.22684
5/9/1997,4.32109
5/12/1997,2.23555
5/13/1997,-2.43681
5/14/1997,-5.98455
5/15/1997,2.74966
5/16/1997,-7.44786
5/19/1997,2.1568
5/20/1997,2.67908
5/21/1997,-1.91819
5/22/1997,-9.24638
5/23/1997,1.53046
5/26/1997,-0.21709
5/27/1997,2.38357
5/28/1997,-0.89261
5/29/1997,-0.55255
5/30/1997,1.71319
6/2/1997,3.89908
6/3/1997,0.18542
6/4/1997,1.66155
6/5/1997,-0.07055
6/6/1997,-6.44724
6/9/1997,-0.0298
6/10/1997,-2.63698
6/11/1997,-1.73349
6/12/1997,-0.62717
6/13/1997,2.54089
6/16/1997,1.39618
6/17/1997,-1.23955
6/18/1997,-1.06916
6/19/1997,-0.1575
6/20/1997,4.79564
6/23/1997,-0.59813
6/24/1997,1.57921
6/25/1997,-0.48741
6/26/1997,-1.01703
6/27/1997,-2.69789
6/30/1997,0
7/1/1997,0
7/2/1997,-4.18216
7/3/1997,-4.1237
7/4/1997,0.755
7/7/1997,-5.54358
7/8/1997,1.16476
7/9/1997,1.00157
7/10/1997,-0.06158
7/11/1997,3.05685
7/14/1997,2.63191
7/15/1997,1.2063
7/16/1997,-0.77627
7/17/1997,0.536
7/18/1997,1.04941
7/21/1997,-1.35893
7/22/1997,1.22577
7/23/1997,-0.78019
7/24/1997,-2.0767
7/25/1997,-0.28656
7/28/1997,-2.51501
7/29/1997,0.99783
7/30/1997,2.24561
7/31/1997,0.87288
8/1/1997,0.2577
8/4/1997,0.62679
8/5/1997,-0.33881
8/6/1997,-2.05479
8/7/1997,2.30275
8/8/1997,0.56625
8/11/1997,-1.83845
8/12/1997,-3.19819
8/13/1997,-2.35394
8/14/1997,4.19423
8/15/1997,-2.16782
8/18/1997,-0.74023
8/19/1997,-0.15171
8/20/1997,1.03006
8/21/1997,1.72446
8/22/1997,0.62319
8/25/1997,1.04164
8/26/1997,0.83595
8/27/1997,0.37366
8/28/1997,1.2751
8/29/1997,0.58893
9/1/1997,0.71891
9/2/1997,-0.2907
9/3/1997,1.17709
9/4/1997,0.84106
9/5/1997,0.01998
9/8/1997,0.2936
9/9/1997,-1.94676
9/10/1997,2.01127
9/11/1997,-1.06694
9/12/1997,-2.77491
9/15/1997,-2.46328
9/16/1997,0.67019
9/17/1997,-1.66983
9/18/1997,0.41112
9/19/1997,1.03103
9/22/1997,-7.04249
9/23/1997,-5.77996
9/24/1997,6.32559
9/25/1997,0.62864
9/26/1997,-0.66288
9/29/1997,-2.33041
9/30/1997,1.2203
10/1/1997,-1.2203
10/2/1997,0
10/3/1997,1.2203
10/6/1997,0.13842
10/7/1997,0.33341
10/8/1997,2.88743
10/9/1997,-1.09865
10/10/1997,0.73849
10/13/1997,-0.97485
10/14/1997,-0.16892
10/15/1997,0.69974
10/16/1997,2.15553
10/17/1997,2.2504
10/20/1997,0.92053
10/21/1997,0.37827
10/22/1997,-1.2113
10/23/1997,-0.35391
10/24/1997,0.42098
10/27/1997,4.76616
10/28/1997,-4.79926
10/29/1997,0.52244
10/30/1997,-0.78341
10/31/1997,0.47044
11/3/1997,0.03896
11/4/1997,0.32551
11/5/1997,0.78529
11/6/1997,-1.08794
11/7/1997,1.18002
11/10/1997,-0.78625
11/11/1997,0.07166
11/12/1997,-1.05388
11/13/1997,0.91811
11/14/1997,1.07519
11/17/1997,-0.54413
11/18/1997,-0.67209
11/19/1997,-0.14546
11/20/1997,-0.78163
11/21/1997,-1.19007
11/24/1997,-2.94482
11/25/1997,0.05243
11/26/1997,1.61195
11/27/1997,-1.87974
11/28/1997,1.51275
12/1/1997,-0.57552
12/2/1997,-0.25804
12/3/1997,-0.67652
12/4/1997,1.1796
12/5/1997,0.02905
12/8/1997,0.27773
12/9/1997,0.77027
12/10/1997,0.83868
12/11/1997,0.1148
12/12/1997,-0.46087
12/15/1997,1.22231
12/16/1997,0.57794
12/17/1997,-2.43667
12/18/1997,0.66502
12/19/1997,0.57021
12/22/1997,0.70737
12/23/1997,0.19143
12/24/1997,-0.13584
12/25/1997,0.98855
12/26/1997,0.89669
12/29/1997,-0.4465
12/30/1997,-0.46204
12/31/1997,1.09127
1/1/1998,0
1/2/1998,0
1/5/1998,2.18433
1/6/1998,1.07169
1/7/1998,0.84353
1/8/1998,-0.55698
1/9/1998,0.22123
1/12/1998,-1.0483
1/13/1998,-4.95545
1/14/1998,2.91767
1/15/1998,1.09281
1/16/1998,-0.12102
1/19/1998,-0.06839
1/20/1998,-0.7787
1/21/1998,-0.29286
1/22/1998,0.35182
1/23/1998,1.52268
1/26/1998,0
1/27/1998,0
1/28/1998,0
1/29/1998,0
1/30/1998,-1.52268
2/2/1998,0
2/3/1998,0
2/4/1998,0
2/5/1998,0
2/6/1998,0
2/9/1998,3.55679
2/10/1998,-0.92814
2/11/1998,1.10426
2/12/1998,-0.31564
2/13/1998,-0.0313
2/16/1998,-0.77917
2/17/1998,0.18265
2/18/1998,-0.7025
2/19/1998,0.22336
2/20/1998,-0.53364
2/23/1998,-1.43105
2/24/1998,-0.03145
2/25/1998,-1.12782
2/26/1998,0.99945
2/27/1998,-0.0116
3/2/1998,-1.52163
3/3/1998,1.128
3/4/1998,0.94906
3/5/1998,-0.47175
3/6/1998,-0.09031
3/9/1998,-0.46692
3/10/1998,-0.08331
3/11/1998,-0.8193
3/12/1998,-0.93457
3/13/1998,0.50678
3/16/1998,0.29662
3/17/1998,1.20102
3/18/1998,-0.74518
3/19/1998,-0.43565
3/20/1998,-0.10268
3/23/1998,-0.6446
3/24/1998,1.19215
3/25/1998,-0.20708
3/26/1998,-0.22517
3/27/1998,2.87695
3/30/1998,2.09226
3/31/1998,-0.51515
4/1/1998,0.95678
4/2/1998,1.11333
4/3/1998,1.33539
4/6/1998,1.56611
4/7/1998,-0.24832
4/8/1998,1.49664
4/9/1998,-1.95119
4/10/1998,1.09479
4/13/1998,0.55052
4/14/1998,-0.38215
4/15/1998,0.83308
4/16/1998,-0.64068
4/17/1998,-1.38774
4/20/1998,-0.1619
4/21/1998,0.70813
4/22/1998,2.04451
4/23/1998,-0.57364
4/24/1998,-0.71144
4/27/1998,-0.36488
4/28/1998,1.71074
4/29/1998,-0.03677
4/30/1998,0.81841
5/1/1998,0
5/4/1998,0.70317
5/5/1998,-0.03031
5/6/1998,-0.30434
5/7/1998,-1.535
5/8/1998,2.21423
5/11/1998,-0.22048
5/12/1998,-0.36683
5/13/1998,1.44251
5/14/1998,-0.15568
5/15/1998,0.0702
5/18/1998,0.00658
5/19/1998,-0.43143
5/20/1998,-0.35739
5/21/1998,0.67766
5/22/1998,0.66801
5/25/1998,0.98005
5/26/1998,0.07555
5/27/1998,0.65378
5/28/1998,-0.11725
5/29/1998,0.94764
6/1/1998,0.30918
6/2/1998,-0.17676
6/3/1998,0.48852
6/4/1998,-0.96947
6/5/1998,0.16413
6/8/1998,-0.34704
6/9/1998,-2.45777
6/10/1998,-0.09861
6/11/1998,-1.51845
6/12/1998,2.61524
6/15/1998,-1.31335
6/16/1998,-1.23439
6/17/1998,0.02595
6/18/1998,1.59952
6/19/1998,1.60593
6/22/1998,0.46414
6/23/1998,-0.1001
6/24/1998,0.27003
6/25/1998,-1.41537
6/26/1998,0.2587
6/29/1998,-1.76121
6/30/1998,-1.64632
7/1/1998,-1.71413
7/2/1998,1.14877
7/3/1998,0.26099
7/6/1998,-1.49791
7/7/1998,0.691
7/8/1998,1.09486
7/9/1998,0.3169
7/10/1998,1.28633
7/13/1998,-0.13312
7/14/1998,-1.65102
7/15/1998,-0.08159
7/16/1998,-0.73955
7/17/1998,-0.82641
7/20/1998,-2.12554
7/21/1998,1.99539
7/22/1998,-1.0612
7/23/1998,1.30918
7/24/1998,0.79831
7/27/1998,-0.3715
7/28/1998,-0.29926
7/29/1998,-0.45705
7/30/1998,0.25578
7/31/1998,0.12309
8/3/1998,-1.13173
8/4/1998,-0.66575
8/5/1998,1.07502
8/6/1998,-1.02092
8/7/1998,-1.80028
8/10/1998,-2.91282
8/11/1998,-2.20379
8/12/1998,-1.42775
8/13/1998,1.13835
8/14/1998,-3.04803
8/17/1998,-8.72768
8/18/1998,0.08311
8/19/1998,4.98697
8/20/1998,2.09411
8/21/1998,2.38118
8/24/1998,0.07894
8/25/1998,0.04411
8/26/1998,-1.6056
8/27/1998,-1.30732
8/28/1998,-1.36269
8/31/1998,1.79834
9/1/1998,-0.61831
9/2/1998,-0.54736
9/3/1998,0.90277
9/4/1998,1.41343
9/7/1998,1.26821
9/8/1998,-0.91903
9/9/1998,1.95742
9/10/1998,1.91243
9/11/1998,0.35696
9/14/1998,1.75784
9/15/1998,-0.7677
9/16/1998,1.77342
9/17/1998,-1.48363
9/18/1998,-2.18798
9/21/1998,1.26618
9/22/1998,0.02045
9/23/1998,0.58961
9/24/1998,-2.53624
9/25/1998,1.86072
9/28/1998,0.70398
9/29/1998,0.1251
9/30/1998,0.90114
10/1/1998,0
10/2/1998,0
10/5/1998,-0.65545
10/6/1998,-1.41261
10/7/1998,-0.3019
10/8/1998,1.22171
10/9/1998,0.66677
10/12/1998,0.82284
10/13/1998,-0.24727
10/14/1998,-0.27931
10/15/1998,1.1389
10/16/1998,-0.26174
10/19/1998,-0.42358
10/20/1998,-0.20804
10/21/1998,-2.92252
10/22/1998,0.68154
10/23/1998,0.11013
10/26/1998,-0.75525
10/27/1998,0.70267
10/28/1998,0.74835
10/29/1998,-0.75082
10/30/1998,0.04601
11/2/1998,0.50475
11/3/1998,1.08847
11/4/1998,-0.08655
11/5/1998,1.40456
11/6/1998,0.5165
11/9/1998,1.83654
11/10/1998,0.26774
11/11/1998,-0.02799
11/12/1998,-0.24988
11/13/1998,-0.03742
11/16/1998,0.87182
11/17/1998,-0.243
11/18/1998,-0.39595
11/19/1998,-0.77233
11/20/1998,-0.01882
11/23/1998,-0.12396
11/24/1998,0.40193
11/25/1998,-1.18534
11/26/1998,-0.87656
11/27/1998,-0.61972
11/30/1998,0.18776
12/1/1998,-1.05248
12/2/1998,0.21122
12/3/1998,-0.36121
12/4/1998,-1.08578
12/7/1998,-0.79548
12/8/1998,1.12793
12/9/1998,0.06783
12/10/1998,-1.60169
12/11/1998,0.79129
12/14/1998,-1.48602
12/15/1998,-0.12212
12/16/1998,-0.9908
12/17/1998,-1.96067
12/18/1998,-0.3601
12/21/1998,-0.12898
12/22/1998,2.69543
12/23/1998,-1.14143
12/24/1998,-0.30152
12/25/1998,0.42085
12/28/1998,-1.19718
12/29/1998,-1.49481
12/30/1998,0.48276
12/31/1998,-0.13595
1/1/1999,0
1/4/1999,-1.83766
1/5/1999,-0.52187
1/6/1999,1.12141
1/7/1999,0.4528
1/8/1999,2.69511
1/11/1999,0.34164
1/12/1999,-1.19572
1/13/1999,-0.92934
1/14/1999,0.04441
1/15/1999,-0.99302
1/18/1999,1.38055
1/19/1999,0.46979
1/20/1999,-0.62167
1/21/1999,0.61735
1/22/1999,0.33178
1/25/1999,-1.2318
1/26/1999,-0.8669
1/27/1999,0.72482
1/28/1999,-0.48263
1/29/1999,-0.55369
2/1/1999,-1.25401
2/2/1999,0.52249
2/3/1999,-0.85055
2/4/1999,-1.20342
2/5/1999,-2.01935
2/8/1999,-1.4549
2/9/1999,2.25158
2/10/1999,0
2/11/1999,0
2/12/1999,0
2/15/1999,0
2/16/1999,0
2/17/1999,0
2/18/1999,0
2/19/1999,0
2/22/1999,0
2/23/1999,0
2/24/1999,0
2/25/1999,0
2/26/1999,0
3/1/1999,0.72028
3/2/1999,0.26832
3/3/1999,2.49558
3/4/1999,0.0186
3/5/1999,0.3016
3/8/1999,0.85735
3/9/1999,-0.4537
3/10/1999,-0.3701
3/11/1999,1.50616
3/12/1999,0.75976
3/15/1999,0.51133
3/16/1999,0.19643
3/17/1999,-0.67325
3/18/1999,-0.6153
3/19/1999,1.80055
3/22/1999,-0.01535
3/23/1999,-0.15275
3/24/1999,-0.1641
3/25/1999,-1.04736
3/26/1999,0.36843
3/29/1999,0.71827
3/30/1999,-1.02966
3/31/1999,0.04664
4/1/1999,0.89833
4/2/1999,1.35154
4/5/1999,0.84663
4/6/1999,0.42856
4/7/1999,0.16908
4/8/1999,0.06988
4/9/1999,0.2218
4/12/1999,-0.81651
4/13/1999,-1.44513
4/14/1999,0.28224
4/15/1999,-0.92682
4/16/1999,-0.37486
4/19/1999,-0.58219
4/20/1999,1.04073
4/21/1999,-2.3787
4/22/1999,-0.60494
4/23/1999,0.24943
4/26/1999,-2.41579
4/27/1999,-1.91434
4/28/1999,-0.05498
4/29/1999,2.2941
4/30/1999,0.40405
5/3/1999,3.25789
5/4/1999,-4.07932
5/5/1999,0.46395
5/6/1999,1.00573
5/7/1999,-0.6652
5/10/1999,-4.45284
5/11/1999,2.16588
5/12/1999,0.41906
5/13/1999,-1.01789
5/14/1999,-2.37728
5/17/1999,0.2142
5/18/1999,-0.53542
5/19/1999,4.53936
5/20/1999,3.42288
5/21/1999,1.81405
5/24/1999,3.77232
5/25/1999,-0.89054
5/26/1999,2.71938
5/27/1999,3.72959
5/28/1999,-0.45856
5/31/1999,0.17055
6/1/1999,2.49036
6/2/1999,-1.82039
6/3/1999,-1.53431
6/4/1999,1.35168
6/7/1999,3.1349
6/8/1999,0.53531
6/9/1999,1.11624
6/10/1999,1.15964
6/11/1999,0.44246
6/14/1999,4.09764
6/15/1999,-2.85033
6/16/1999,5.09844
6/17/1999,2.75853
6/18/1999,-0.13934
6/21/1999,3.11913
6/22/1999,1.15918
6/23/1999,2.653
6/24/1999,2.92052
6/25/1999,-3.71044
6/28/1999,6.04379
6/29/1999,2.68286
6/30/1999,-2.9034
7/1/1999,-7.91991
7/2/1999,3.32322
7/5/1999,-1.98482
7/6/1999,-4.16766
7/7/1999,3.33159
7/8/1999,0.59365
7/9/1999,0.42748
7/12/1999,-1.59139
7/13/1999,-2.26364
7/14/1999,2.25017
7/15/1999,-0.6549
7/16/1999,-1.92898
7/19/1999,-2.7119
7/20/1999,6.2581
7/21/1999,2.21149
7/22/1999,-3.73904
7/23/1999,2.24767
7/26/1999,1.00691
7/27/1999,-0.70911
7/28/1999,0.40716
7/29/1999,-0.08393
7/30/1999,0.35029
8/2/1999,0.92115
8/3/1999,0.65123
8/4/1999,1.36084
8/5/1999,0.26706
8/6/1999,-0.4212
8/9/1999,-1.08384
8/10/1999,-1.65216
8/11/1999,-1.1772
8/12/1999,-0.49129
8/13/1999,-0.23765
8/16/1999,-0.75544
8/17/1999,1.04194
8/18/1999,0.34955
8/19/1999,3.46716
8/20/1999,-0.53939
8/23/1999,0.9817
8/24/1999,0.21072
8/25/1999,-1.3866
8/26/1999,0.76348
8/27/1999,-0.26466
8/30/1999,-0.91364
8/31/1999,0.49782
9/1/1999,-1.70892
9/2/1999,0.77285
9/3/1999,-1.50447
9/6/1999,-1.72845
9/7/1999,0.13511
9/8/1999,0.56215
9/9/1999,6.37906
9/10/1999,-0.91094
9/13/1999,0.6132
9/14/1999,0.16452
9/15/1999,-0.60497
9/16/1999,-1.04526
9/17/1999,0.18518
9/20/1999,-0.89752
9/21/1999,-0.50561
9/22/1999,-0.52611
9/23/1999,-0.79845
9/24/1999,0.93873
9/27/1999,-1.06598
9/28/1999,-0.67197
9/29/1999,-0.40801
9/30/1999,-0.90315
10/1/1999,0
10/4/1999,0
10/5/1999,0
10/6/1999,0
10/7/1999,0
10/8/1999,-2.33038
10/11/1999,-0.7877
10/12/1999,1.00122
10/13/1999,-1.99532
10/14/1999,0.08687
10/15/1999,2.29787
10/18/1999,-2.76691
10/19/1999,-2.07034
10/20/1999,1.00991
10/21/1999,-1.85445
10/22/1999,2.63413
10/25/1999,-1.96855
10/26/1999,0.97597
10/27/1999,3.58708
10/28/1999,-1.46102
10/29/1999,-0.66047
11/1/1999,-0.7646
11/2/1999,-0.37778
11/3/1999,-0.79578
11/4/1999,-0.73797
11/5/1999,0.0273
11/8/1999,0.41885
11/9/1999,-0.50078
11/10/1999,-0.95259
11/11/1999,-0.43123
11/12/1999,0.44364
11/15/1999,0.08339
11/16/1999,-1.4028
11/17/1999,2.17485
11/18/1999,1.33506
11/19/1999,-0.94751
11/22/1999,-0.26457
11/23/1999,0.12555
11/24/1999,-0.81137
11/25/1999,-0.7134
11/26/1999,0.01869
11/29/1999,-0.62778
11/30/1999,-0.03484
12/1/1999,0.84314
12/2/1999,-0.78253
12/3/1999,0.09676
12/6/1999,-0.71503
12/7/1999,0.08896
12/8/1999,-0.23904
12/9/1999,-0.57151
12/10/1999,0.85815
12/13/1999,-0.83133
12/14/1999,0.36276
12/15/1999,2.00472
12/16/1999,-1.12201
12/17/1999,-1.07343
12/20/1999,0
12/21/1999,-1.70871
12/22/1999,-0.5742
12/23/1999,-1.30943
12/24/1999,-1.0342
12/27/1999,-0.74203
12/28/1999,0.25759
12/29/1999,0.59947
12/30/1999,0.70865
12/31/1999,0
1/3/2000,0
1/4/2000,2.87006
1/5/2000,0.23508
1/6/2000,3.77687
1/7/2000,3.53396
1/10/2000,1.86241
1/11/2000,-4.32017
1/12/2000,-2.86263
1/13/2000,-0.94884
1/14/2000,-1.1005
1/17/2000,1.72266
1/18/2000,-0.46924
1/19/2000,0.9835
1/20/2000,1.79811
1/21/2000,-0.12142
1/24/2000,0.83333
1/25/2000,-0.0562
1/26/2000,0.31174
1/27/2000,1.71697
1/28/2000,1.85621
1/31/2000,0
2/1/2000,0
2/2/2000,0
2/3/2000,0
2/4/2000,0
2/7/2000,0
2/8/2000,0
2/9/2000,0
2/10/2000,0
2/11/2000,0
2/14/2000,8.66497
2/15/2000,-0.19554
2/16/2000,1.33423
2/17/2000,-3.14746
2/18/2000,1.65868
2/21/2000,0.54107
2/22/2000,-2.7106
2/23/2000,-2.31541
2/24/2000,2.43908
2/25/2000,-0.16718
2/28/2000,4.39283
2/29/2000,0.5691
3/1/2000,-0.98702
3/2/2000,0.89541
3/3/2000,1.44945
3/6/2000,-3.33101
3/7/2000,0.81283
3/8/2000,1.82592
3/9/2000,0.36549
3/10/2000,-1.58844
3/13/2000,1.38794
3/14/2000,-2.55005
3/15/2000,-0.23048
3/16/2000,-4.49696
3/17/2000,3.1275
3/20/2000,2.42131
3/21/2000,0.64935
3/22/2000,0.59054
3/23/2000,1.54515
3/24/2000,-0.9627
3/27/2000,2.59026
3/28/2000,0.87068
3/29/2000,-0.14692
3/30/2000,1.23175
3/31/2000,-0.59593
4/3/2000,0.04332
4/4/2000,-2.26363
4/5/2000,0.59515
4/6/2000,2.11943
4/7/2000,0.593
4/10/2000,0.33791
4/11/2000,-0.26815
4/12/2000,-0.76285
4/13/2000,1.3312
4/14/2000,0.11568
4/17/2000,-2.1281
4/18/2000,1.02147
4/19/2000,0.83576
4/20/2000,0.99681
4/21/2000,-0.32375
4/24/2000,-0.199
4/25/2000,-0.21412
4/26/2000,-0.03764
4/27/2000,-1.426
4/28/2000,1.61896
5/1/2000,0
5/2/2000,0
5/3/2000,0
5/4/2000,0
5/5/2000,0
5/8/2000,0.01742
5/9/2000,-1.6469
5/10/2000,-3.0317
5/11/2000,-1.64756
5/12/2000,-0.19973
5/15/2000,-0.93543
5/16/2000,1.16357
5/17/2000,0.04986
5/18/2000,1.9025
5/19/2000,1.09096
5/22/2000,2.6044
5/23/2000,0.4009
5/24/2000,1.27023
5/25/2000,1.34952
5/26/2000,-0.05744
5/29/2000,1.01261
5/30/2000,-1.12706
5/31/2000,0.90562
6/1/2000,0.47077
6/2/2000,0.66811
6/5/2000,-0.89953
6/6/2000,1.38316
6/7/2000,0.49164
6/8/2000,-0.50878
6/9/2000,-1.27655
6/12/2000,0.61731
6/13/2000,1.35595
6/14/2000,-0.32963
6/15/2000,0.51619
6/16/2000,-0.79344
6/19/2000,-0.61112
6/20/2000,-1.04185
6/21/2000,0.93371
6/22/2000,0.04024
6/23/2000,1.33542
6/26/2000,0.46345
6/27/2000,-0.295
6/28/2000,0.23545
6/29/2000,-0.52616
6/30/2000,-0.47344
7/3/2000,-1.69837
7/4/2000,0.64624
7/5/2000,0.06602
7/6/2000,-0.3484
7/7/2000,1.57695
7/10/2000,0.78489
7/11/2000,0.64065
7/12/2000,0.65228
7/13/2000,0.295
7/14/2000,0.40289
7/17/2000,-0.2373
7/18/2000,0.57891
7/19/2000,0.22242
7/20/2000,-0.34436
7/21/2000,0.23973
7/24/2000,-0.35628
7/25/2000,0.36831
7/26/2000,0.78526
7/27/2000,0.00149
7/28/2000,0.02186
7/31/2000,0.53266
8/1/2000,0.22756
8/2/2000,0.12467
8/3/2000,0.27637
8/4/2000,-0.48934
8/7/2000,0.64244
8/8/2000,0.51353
8/9/2000,0.54779
8/10/2000,0.23067
8/11/2000,-0.15841
8/14/2000,0.65862
8/15/2000,0.02504
8/16/2000,0.31969
8/17/2000,0.38898
8/18/2000,-0.06744
8/21/2000,0.88167
8/22/2000,-1.62503
8/23/2000,-0.81208
8/24/2000,0.64131
8/25/2000,0.7475
8/28/2000,0.66296
8/29/2000,0.233
8/30/2000,-1.40331
8/31/2000,-2.6819
9/1/2000,-1.06142
9/4/2000,0.5356
9/5/2000,-2.35569
9/6/2000,-1.94777
9/7/2000,1.27692
9/8/2000,0.44246
9/11/2000,0.64762
9/12/2000,0.35686
9/13/2000,0.49647
9/14/2000,-0.47525
9/15/2000,-0.05457
9/18/2000,-1.61423
9/19/2000,-2.26509
9/20/2000,1.00068
9/21/2000,-0.78233
9/22/2000,-0.807
9/25/2000,-0.853
9/26/2000,0.63341
9/27/2000,1.38143
9/28/2000,-1.30412
9/29/2000,1.09859
10/2/2000,0
10/3/2000,0
10/4/2000,0
10/5/2000,0
10/6/2000,0
10/9/2000,0.27134
10/10/2000,1.38952
10/11/2000,-0.43448
10/12/2000,-0.38393
10/13/2000,-0.42451
10/16/2000,-0.80347
10/17/2000,0.35044
10/18/2000,0.69671
10/19/2000,-0.4911
10/20/2000,1.76286
10/23/2000,0.58827
10/24/2000,-0.13281
10/25/2000,1.06316
10/26/2000,-0.48569
10/27/2000,-0.01321
10/30/2000,0.31312
10/31/2000,-0.62467
11/1/2000,0.81602
11/2/2000,0.34834
11/3/2000,-0.13263
11/6/2000,0.48027
11/7/2000,0.29637
11/8/2000,0.78953
11/9/2000,0.96753
11/10/2000,0.73433
11/13/2000,1.13302
11/14/2000,0.68962
11/15/2000,-0.15407
11/16/2000,0.67355
11/17/2000,-0.13081
11/20/2000,0.38859
11/21/2000,-0.16241
11/22/2000,0.72757
11/23/2000,0.29012
11/24/2000,-3.16696
11/27/2000,-0.18035
11/28/2000,1.44006
11/29/2000,-0.57392
11/30/2000,0.15031
12/1/2000,0.54089
12/4/2000,0.49353
12/5/2000,-0.02247
12/6/2000,-0.76981
12/7/2000,-0.02843
12/8/2000,-0.09064
12/11/2000,-1.31482
12/12/2000,0.63189
12/13/2000,-0.1424
12/14/2000,-0.24542
12/15/2000,-0.57305
12/18/2000,0.25417
12/19/2000,0.21888
12/20/2000,1.07954
12/21/2000,0.27096
12/22/2000,-0.34341
12/25/2000,-0.07733
12/26/2000,0.39089
12/27/2000,-0.87218
12/28/2000,-0.22082
12/29/2000,0.95853
1/1/2001,0
1/2/2001,1.436
1/3/2001,0.96657
1/4/2001,-0.30604
1/5/2001,0.37193
1/8/2001,-1.09952
1/9/2001,-0.04378
1/10/2001,1.15788
1/11/2001,-0.30485
1/12/2001,-0.68137
1/15/2001,-3.49597
1/16/2001,0.65959
1/17/2001,-0.55435
1/18/2001,0.41837
1/19/2001,1.09524
1/22/2001,0
1/23/2001,0
1/24/2001,0
1/25/2001,0
1/26/2001,0
1/29/2001,0
1/30/2001,0
1/31/2001,0
2/1/2001,0
2/2/2001,0
2/5/2001,-2.82714
2/6/2001,-0.63547
2/7/2001,-0.77329
2/8/2001,-2.5474
2/9/2001,1.38048
2/12/2001,0.21694
2/13/2001,0.11771
2/14/2001,-0.01681
2/15/2001,-0.85532
2/16/2001,-0.23248
2/19/2001,1.30913
2/20/2001,-0.73098
2/21/2001,-2.27269
2/22/2001,-0.10847
2/23/2001,1.51371
2/26/2001,0.94269
2/27/2001,0.37531
2/28/2001,-0.14587
3/1/2001,0.30273
3/2/2001,1.0121
3/5/2001,-0.04585
3/6/2001,0.2949
3/7/2001,0.05626
3/8/2001,0.48697
3/9/2001,0.53632
3/12/2001,0.04423
3/13/2001,-0.69056
3/14/2001,0.99171
3/15/2001,0.19697
3/16/2001,-0.11675
3/19/2001,0.80753
3/20/2001,0.44925
3/21/2001,1.00191
3/22/2001,1.01784
3/23/2001,-1.64164
3/26/2001,1.75415
3/27/2001,0.82819
3/28/2001,-0.01851
3/29/2001,-0.24759
3/30/2001,0.52724
4/2/2001,0.58096
4/3/2001,-0.09557
4/4/2001,-1.53452
4/5/2001,1.04109
4/6/2001,-0.18905
4/9/2001,0.41458
4/10/2001,0.52334
4/11/2001,0.13709
4/12/2001,0.15939
4/13/2001,0.4953
4/16/2001,1.05067
4/17/2001,0.3968
4/18/2001,-0.18946
4/19/2001,0.01427
4/20/2001,-0.94979
4/23/2001,-0.08832
4/24/2001,0.72928
4/25/2001,-2.19314
4/26/2001,-0.66853
4/27/2001,0.47629
4/30/2001,0.19224
5/1/2001,0
5/2/2001,0
5/3/2001,0
5/4/2001,0
5/7/2001,0
5/8/2001,0.88369
5/9/2001,-0.23883
5/10/2001,0.67241
5/11/2001,0.3779
5/14/2001,1.06418
5/15/2001,0.57626
5/16/2001,0.38446
5/17/2001,-0.22075
5/18/2001,0.39654
5/21/2001,0.46276
5/22/2001,-0.14693
5/23/2001,-0.5785
5/24/2001,0.0323
5/25/2001,-0.21494
5/28/2001,-0.63477
5/29/2001,0.02661
5/30/2001,1.4082
5/31/2001,0.13829
6/1/2001,0.24042
6/4/2001,0.32341
6/5/2001,0.36802
6/6/2001,0.15692
6/7/2001,-0.38896
6/8/2001,-0.30273
6/11/2001,-0.38083
6/12/2001,0.37588
6/13/2001,0.8716
6/14/2001,-1.8008
6/15/2001,0.38837
6/18/2001,-1.97877
6/19/2001,0.12909
6/20/2001,-0.33829
6/21/2001,1.19617
6/22/2001,0.76993
6/25/2001,1.08786
6/26/2001,0.15189
6/27/2001,-0.16848
6/28/2001,-0.4756
6/29/2001,-0.05499
7/2/2001,-0.5443
7/3/2001,0.26438
7/4/2001,-0.44269
7/5/2001,-0.93072
7/6/2001,-0.51193
7/9/2001,-0.03963
7/10/2001,0.92306
7/11/2001,-0.96547
7/12/2001,-0.14997
7/13/2001,-0.19183
7/16/2001,-0.70109
7/17/2001,-0.24538
7/18/2001,0.25936
7/19/2001,0.17315
7/20/2001,1.35618
7/23/2001,-0.48797
7/24/2001,-1.51253
7/25/2001,-1.13871
7/26/2001,-0.86776
7/27/2001,-1.35972
7/30/2001,-5.4163
7/31/2001,-1.88289
8/1/2001,3.40989
8/2/2001,-1.51678
8/3/2001,0.0853
8/6/2001,-3.98718
8/7/2001,1.15161
8/8/2001,-0.46116
8/9/2001,1.54044
8/10/2001,1.56977
8/13/2001,0.00307
8/14/2001,-0.79905
8/15/2001,0.40238
8/16/2001,-1.43317
8/17/2001,0.22635
8/20/2001,0.54374
8/21/2001,0.22616
8/22/2001,-1.84373
8/23/2001,-0.02417
8/24/2001,-0.85441
8/27/2001,-3.20702
8/28/2001,0.87942
8/29/2001,0.22488
8/30/2001,-0.42906
8/31/2001,-0.29888
9/3/2001,-0.92844
9/4/2001,2.45531
9/5/2001,0.31684
9/6/2001,-0.3598
9/7/2001,-2.87291
9/10/2001,2.60234
9/11/2001,0.38975
9/12/2001,-0.60166
9/13/2001,-0.68734
9/14/2001,-1.17707
9/17/2001,-1.87461
9/18/2001,0.78198
9/19/2001,1.32937
9/20/2001,-0.23454
9/21/2001,-0.62889
9/24/2001,-0.66963
9/25/2001,-0.06019
9/26/2001,-1.46394
9/27/2001,-0.16305
9/28/2001,-0.0034
10/1/2001,0
10/2/2001,0
10/3/2001,0
10/4/2001,0
10/5/2001,0
10/8/2001,-2.19634
10/9/2001,1.04346
10/10/2001,-3.38276
10/11/2001,-2.90432
10/12/2001,3.18378
10/15/2001,-0.23974
10/16/2001,-1.87731
10/17/2001,-0.77782
10/18/2001,-1.68724
10/19/2001,-2.70591
10/22/2001,-3.34839
10/23/2001,9.40079
10/24/2001,2.80368
10/25/2001,-2.44875
10/26/2001,0.08228
10/29/2001,1.33795
10/30/2001,-1.04693
10/31/2001,0.3796
11/1/2001,1.09394
11/2/2001,-0.96497
11/5/2001,-0.69892
11/6/2001,-0.4948
11/7/2001,-4.73119
11/8/2001,0.73877
11/9/2001,1.51352
11/12/2001,-0.56404
11/13/2001,-0.32498
11/14/2001,0.07238
11/15/2001,0.26185
11/16/2001,1.55568
11/19/2001,1.3948
11/20/2001,1.77117
11/21/2001,0.34827
11/22/2001,0.59331
11/23/2001,-0.18959
11/26/2001,-0.39024
11/27/2001,0.9742
11/28/2001,0.71784
11/29/2001,-0.15574
11/30/2001,0.90166
12/3/2001,0.83007
12/4/2001,0.40314
12/5/2001,-1.39124
12/6/2001,0.34035
12/7/2001,-0.33004
12/10/2001,0.18717
12/11/2001,-1.13874
12/12/2001,-0.79616
12/13/2001,-1.59619
12/14/2001,-0.74327
12/17/2001,-0.57281
12/18/2001,1.27342
12/19/2001,-0.86846
12/20/2001,-2.49147
12/21/2001,0.52572
12/24/2001,-2.09727
12/25/2001,0.31517
12/26/2001,1.385
12/27/2001,-0.35075
12/28/2001,0.7076
12/31/2001,0.39508
1/1/2002,0
1/2/2002,0
1/3/2002,0
1/4/2002,-2.12327
1/7/2002,-0.91206
1/8/2002,-0.83642
1/9/2002,-1.40615
1/10/2002,0.96183
1/11/2002,-2.62545
1/14/2002,-3.34258
1/15/2002,-1.72922
1/16/2002,1.35886
1/17/2002,-4.14665
1/18/2002,-0.28783
1/21/2002,-3.48438
1/22/2002,-0.60756
1/23/2002,6.15606
1/24/2002,0.7886
1/25/2002,-0.33839
1/28/2002,-6.543
1/29/2002,2.4148
1/30/2002,0.2739
1/31/2002,6.58556
2/1/2002,-0.39631
2/4/2002,1.70569
2/5/2002,0.45881
2/6/2002,-2.16248
2/7/2002,1.97195
2/8/2002,-0.58107
2/11/2002,0
2/12/2002,0
2/13/2002,0
2/14/2002,0
2/15/2002,0
2/18/2002,0
2/19/2002,0
2/20/2002,0
2/21/2002,0
2/22/2002,0
2/25/2002,1.55886
2/26/2002,0.07512
2/27/2002,0.4489
2/28/2002,-0.88932
3/1/2002,-1.46407
3/4/2002,1.6017
3/5/2002,2.15631
3/6/2002,0.58352
3/7/2002,2.75235
3/8/2002,1.6759
3/11/2002,1.44237
3/12/2002,-1.23347
3/13/2002,-1.24025
3/14/2002,2.5374
3/15/2002,-2.68843
3/18/2002,0.17874
3/19/2002,2.5223
3/20/2002,1.02454
3/21/2002,0.14907
3/22/2002,-0.91395
3/25/2002,0.33483
3/26/2002,-1.55262
3/27/2002,0.28756
3/28/2002,-0.21544
3/29/2002,-2.87369
4/1/2002,0.28639
4/2/2002,-1.60623
4/3/2002,0.73205
4/4/2002,2.91658
4/5/2002,-0.43097
4/8/2002,0.36699
4/9/2002,1.6245
4/10/2002,0.60625
4/11/2002,-1.69096
4/12/2002,0.57126
4/15/2002,-0.57307
4/16/2002,-0.55992
4/17/2002,0.25025
4/18/2002,-0.99373
4/19/2002,0.43085
4/22/2002,-0.4714
4/23/2002,-0.1802
4/24/2002,-0.83447
4/25/2002,0.30183
4/26/2002,1.51515
4/29/2002,1.52556
4/30/2002,0.11639
5/1/2002,0
5/2/2002,0
5/3/2002,0
5/6/2002,0
5/7/2002,0
5/8/2002,-0.92648
5/9/2002,-0.10839
5/10/2002,-0.75287
5/13/2002,-0.87428
5/14/2002,-0.4759
5/15/2002,-1.11244
5/16/2002,-3.10395
5/17/2002,1.15497
5/20/2002,-1.67066
5/21/2002,2.97692
5/22/2002,-1.49847
5/23/2002,0.45407
5/24/2002,-1.41876
5/27/2002,0.35948
5/28/2002,0.2229
5/29/2002,-2.18668
5/30/2002,-0.08464
5/31/2002,-0.51263
6/3/2002,-2.15941
6/4/2002,0.48153
6/5/2002,-1.9313
6/6/2002,3.97336
6/7/2002,0.54085
6/10/2002,-0.80611
6/11/2002,0.90087
6/12/2002,-0.40055
6/13/2002,-0.8648
6/14/2002,-1.16171
6/17/2002,0.13309
6/18/2002,1.84291
6/19/2002,-1.0819
6/20/2002,0.56088
6/21/2002,3.02537
6/24/2002,8.84911
6/25/2002,-0.04218
6/26/2002,0.36965
6/27/2002,0.61924
6/28/2002,0.53294
7/1/2002,-1.10607
7/2/2002,0.65433
7/3/2002,0.3455
7/4/2002,-1.03251
7/5/2002,0.52688
7/8/2002,0.62169
7/9/2002,-0.1698
7/10/2002,-1.64174
7/11/2002,-0.28716
7/12/2002,0.08011
7/15/2002,-0.61189
7/16/2002,0.21778
7/17/2002,0.59529
7/18/2002,0.18728
7/19/2002,0.52358
7/22/2002,-1.93533
7/23/2002,-0.42625
7/24/2002,-0.08726
7/25/2002,-0.43685
7/26/2002,-0.45807
7/29/2002,0.4917
7/30/2002,0.19972
7/31/2002,-1.04862
8/1/2002,0.08594
8/2/2002,0.53456
8/5/2002,-0.47711
8/6/2002,1.00224
8/7/2002,-0.15335
8/8/2002,-0.49642
8/9/2002,-0.77113
8/12/2002,-0.7606
8/13/2002,0.12595
8/14/2002,0.61462
8/15/2002,-0.7528
8/16/2002,0.75705
8/19/2002,-0.15132
8/20/2002,1.63169
8/21/2002,0.13154
8/22/2002,0.7477
8/23/2002,-0.17214
8/26/2002,-0.7466
8/27/2002,0.53725
8/28/2002,-0.17399
8/29/2002,-0.56518
8/30/2002,-0.04199
9/2/2002,0.12892
9/3/2002,0.3171
9/4/2002,-0.60515
9/5/2002,-1.3407
9/6/2002,-0.6373
9/9/2002,-0.60253
9/10/2002,0.21745
9/11/2002,-0.29333
9/12/2002,0.25948
9/13/2002,0.07384
9/16/2002,-1.3425
9/17/2002,0.04986
9/18/2002,-0.64386
9/19/2002,1.54145
9/20/2002,-0.89572
9/23/2002,-0.14466
9/24/2002,-0.36633
9/25/2002,0.06949
9/26/2002,-0.63978
9/27/2002,-0.38053
9/30/2002,0
10/1/2002,0
10/2/2002,0
10/3/2002,0
10/4/2002,0
10/7/2002,0
10/8/2002,-1.1849
10/9/2002,-1.78293
10/10/2002,-0.32357
10/11/2002,-0.41644
10/14/2002,0.49939
10/15/2002,-0.45478
10/16/2002,0.82688
10/17/2002,-1.59256
10/18/2002,0.42471
10/21/2002,0.35408
10/22/2002,1.50799
10/23/2002,0.05554
10/24/2002,-0.80636
10/25/2002,-1.06059
10/28/2002,-1.16375
10/29/2002,0.54155
10/30/2002,-0.07747
10/31/2002,-0.14649
11/1/2002,0.21602
11/4/2002,1.38568
11/5/2002,1.70874
11/6/2002,-0.36518
11/7/2002,0.10815
11/8/2002,-2.08366
11/11/2002,-1.17559
11/12/2002,-1.23668
11/13/2002,0.30574
11/14/2002,-2.01006
11/15/2002,0.19764
11/18/2002,-0.85078
11/19/2002,0.74688
11/20/2002,-2.51605
11/21/2002,-2.50042
11/22/2002,0.34959
11/25/2002,0.21046
11/26/2002,-1.96929
11/27/2002,0.55129
11/28/2002,2.77386
11/29/2002,1.16773
12/2/2002,-2.72115
12/3/2002,0.93849
12/4/2002,0.39741
12/5/2002,-0.67889
12/6/2002,0.04626
12/9/2002,-0.3321
12/10/2002,-1.22312
12/11/2002,-0.33659
12/12/2002,0.34165
12/13/2002,0.93427
12/16/2002,0.8284
12/17/2002,0.53671
12/18/2002,-0.30978
12/19/2002,0.13308
12/20/2002,1.00932
12/23/2002,0.15814
12/24/2002,0.04404
12/25/2002,-0.6528
12/26/2002,-2.66405
12/27/2002,-0.08529
12/30/2002,-1.20831
12/31/2002,-0.6395
1/1/2003,0
1/2/2003,-2.76464
1/3/2003,-0.05756
1/6/2003,1.11583
1/7/2003,-0.19649
1/8/2003,2.95939
1/9/2003,1.82785
1/10/2003,-0.9
1/13/2003,0.10465
1/14/2003,5.64717
1/15/2003,-0.47356
1/16/2003,1.74506
1/17/2003,-0.46824
1/20/2003,0.27015
1/21/2003,-1.8921
1/22/2003,0.38691
1/23/2003,-0.68083
1/24/2003,1.94225
1/27/2003,1.14883
1/28/2003,0.29899
1/29/2003,-0.05533
1/30/2003,0
1/31/2003,0
2/3/2003,0
2/4/2003,0
2/5/2003,0
2/6/2003,0
2/7/2003,0
2/10/2003,-1.31815
2/11/2003,0.84698
2/12/2003,1.19265
2/13/2003,-0.4199
2/14/2003,0.43843
2/17/2003,-0.95962
2/18/2003,-0.00334
2/19/2003,0.95303
2/20/2003,-0.08675
2/21/2003,-2.04936
2/24/2003,0.20738
2/25/2003,1.96049
2/26/2003,0.12564
2/27/2003,0.03436
2/28/2003,-0.117
3/3/2003,0.89221
3/4/2003,-0.07738
3/5/2003,-0.46819
3/6/2003,-1.24955
3/7/2003,-0.351
3/10/2003,-1.63204
3/11/2003,0.04288
3/12/2003,0.37085
3/13/2003,-0.70485
3/14/2003,0.09486
3/17/2003,0.22008
3/18/2003,-0.64046
3/19/2003,0.68741
3/20/2003,-0.3694
3/21/2003,0.68863
3/24/2003,0.21067
3/25/2003,-1.04553
3/26/2003,-0.42005
3/27/2003,2.91533
3/28/2003,-0.49544
3/31/2003,1.24164
4/1/2003,0.78929
4/2/2003,-0.08082
4/3/2003,-0.63237
4/4/2003,0.61988
4/7/2003,-0.39522
4/8/2003,0.35709
4/9/2003,1.50906
4/10/2003,0.48532
4/11/2003,1.64196
4/14/2003,2.45617
4/15/2003,0.94842
4/16/2003,-1.55854
4/17/2003,0.45717
4/18/2003,-0.65409
4/21/2003,-1.97626
4/22/2003,-0.19233
4/23/2003,-1.71865
4/24/2003,-2.51988
4/25/2003,-1.0994
4/28/2003,3.34198
4/29/2003,-1.86287
4/30/2003,0.80047
5/1/2003,0
5/2/2003,0
5/5/2003,0
5/6/2003,0
5/7/2003,0
5/8/2003,0
5/9/2003,0
5/12/2003,0.6832
5/13/2003,-3.08657
5/14/2003,2.5006
5/15/2003,2.10325
5/16/2003,-0.05402
5/19/2003,0.06431
5/20/2003,-1.28958
5/21/2003,-0.13294
5/22/2003,0.82024
5/23/2003,0.95525
5/26/2003,0.54689
5/27/2003,-0.07457
5/28/2003,-1.05957
5/29/2003,1.0481
5/30/2003,0.5152
6/2/2003,0.01713
6/3/2003,-0.91055
6/4/2003,0.75693
6/5/2003,-1.1411
6/6/2003,-1.11982
6/9/2003,-0.56759
6/10/2003,0.55719
6/11/2003,1.74455
6/12/2003,-0.23849
6/13/2003,0.29787
6/16/2003,-0.45227
6/17/2003,-0.1617
6/18/2003,-0.21215
6/19/2003,-0.97846
6/20/2003,-0.60491
6/23/2003,-1.19114
6/24/2003,0.07077
6/25/2003,-0.68668
6/26/2003,0.88154
6/27/2003,-1.21697
6/30/2003,-0.73951
7/1/2003,-0.08887
7/2/2003,1.0039
7/3/2003,0.3169
7/4/2003,-0.13902
7/7/2003,-0.05793
7/8/2003,0.69952
7/9/2003,-0.57772
7/10/2003,1.8859
7/11/2003,-0.20126
7/14/2003,-0.48783
7/15/2003,0.26454
7/16/2003,0.26515
7/17/2003,0.64324
7/18/2003,-2.11397
7/21/2003,-0.75057
7/22/2003,0.17299
7/23/2003,0.24462
7/24/2003,-0.58085
7/25/2003,-1.06359
7/28/2003,-0.49253
7/29/2003,0.46884
7/30/2003,0.15895
7/31/2003,-0.19686
8/1/2003,0.01557
8/4/2003,1.17053
8/5/2003,-0.00335
8/6/2003,-0.54084
8/7/2003,0.07533
8/8/2003,-1.08835
8/11/2003,0.21319
8/12/2003,0.32976
8/13/2003,-0.91338
8/14/2003,-0.67974
8/15/2003,-0.39228
8/18/2003,-0.35299
8/19/2003,0.31919
8/20/2003,-0.55683
8/21/2003,-0.03955
8/22/2003,-0.15347
8/25/2003,-1.16741
8/26/2003,0.21283
8/27/2003,0.01052
8/28/2003,-0.68074
8/29/2003,0.44332
9/1/2003,1.93891
9/2/2003,-0.22857
9/3/2003,0.09259
9/4/2003,-0.02901
9/5/2003,-1.10458
9/8/2003,-0.40598
9/9/2003,-0.39778
9/10/2003,0.21876
9/11/2003,0.05479
9/12/2003,-1.04479
9/15/2003,-0.82802
9/16/2003,0.61064
9/17/2003,-1.16457
9/18/2003,0.04748
9/19/2003,0.06399
9/22/2003,-0.71624
9/23/2003,0.62996
9/24/2003,0.29162
9/25/2003,-1.29508
9/26/2003,-0.39678
9/29/2003,-1.13787
9/30/2003,0.86906
10/1/2003,0
10/2/2003,0
10/3/2003,0
10/6/2003,0
10/7/2003,0
10/8/2003,0.3308
10/9/2003,-0.18388
10/10/2003,2.51277
10/13/2003,-0.31031
10/14/2003,-0.8243
10/15/2003,-0.3659
10/16/2003,-1.27994
10/17/2003,0.3706
10/20/2003,-0.8117
10/21/2003,0.35245
10/22/2003,2.44083
10/23/2003,-0.8159
10/24/2003,-0.34821
10/27/2003,-0.89922
10/28/2003,-0.01022
10/29/2003,-0.57346
10/30/2003,-1.24608
10/31/2003,0.27257
11/3/2003,1.1621
11/4/2003,1.85144
11/5/2003,-0.32004
11/6/2003,-2.06579
11/7/2003,-1.60405
11/10/2003,0.36631
11/11/2003,0.26232
11/12/2003,-1.94114
11/13/2003,0.13801
11/14/2003,0.86319
11/17/2003,-0.22188
11/18/2003,-0.87271
11/19/2003,1.68037
11/20/2003,2.77253
11/21/2003,-1.09202
11/24/2003,3.07013
11/25/2003,0.31361
11/26/2003,0.24749
11/27/2003,-1.62873
11/28/2003,0.58285
12/1/2003,2.50762
12/2/2003,0.18201
12/3/2003,0.67492
12/4/2003,0.53695
12/5/2003,-0.11639
12/8/2003,-1.00147
12/9/2003,0.46597
12/10/2003,1.78871
12/11/2003,0.04082
12/12/2003,0.05237
12/15/2003,-0.02924
12/16/2003,-0.27378
12/17/2003,-0.8458
12/18/2003,0.22739
12/19/2003,-0.75838
12/22/2003,3.17591
12/23/2003,0.5131
12/24/2003,0.87446
12/25/2003,-0.08062
12/26/2003,0.14402
12/29/2003,-1.21879
12/30/2003,1.0146
12/31/2003,-0.97384
1/1/2004,0
1/2/2004,1.33701
1/5/2004,3.31642
1/6/2004,0.39264
1/7/2004,0.8021
1/8/2004,1.43435
1/9/2004,-1.79601
1/12/2004,2.31574
1/13/2004,-0.36148
1/14/2004,-1.26425
1/15/2004,-0.37308
1/16/2004,0.87483
1/19/2004,0
1/20/2004,0
1/21/2004,0
1/22/2004,0
1/23/2004,0
1/26/2004,0
1/27/2004,0
1/28/2004,0
1/29/2004,1.75958
1/30/2004,-2.36751
2/2/2004,2.06253
2/3/2004,1.55205
2/4/2004,2.15217
2/5/2004,0.48955
2/6/2004,-0.84445
2/9/2004,1.4391
2/10/2004,-0.73766
2/11/2004,-0.78664
2/12/2004,-0.83374
2/13/2004,-0.31845
2/16/2004,2.28241
2/17/2004,0.40816
2/18/2004,0.77934
2/19/2004,-0.00466
2/20/2004,0.2751
2/23/2004,-2.35658
2/24/2004,0.03865
2/25/2004,-2.09758
2/26/2004,0.45544
2/27/2004,1.21144
3/1/2004,0.87316
3/2/2004,-0.14687
3/3/2004,-1.52104
3/4/2004,0.42394
3/5/2004,-0.40649
3/8/2004,-1.5131
3/9/2004,-0.00244
3/10/2004,2.47179
3/11/2004,0.80541
3/12/2004,0.18309
3/15/2004,2.4181
3/16/2004,0.53536
3/17/2004,-0.02521
3/18/2004,-1.60819
3/19/2004,1.76679
3/22/2004,0.4464
3/23/2004,-0.8006
3/24/2004,-0.09421
3/25/2004,-0.20538
3/26/2004,-0.14004
3/29/2004,-0.83273
3/30/2004,0.26772
3/31/2004,1.00061
4/1/2004,0.94464
4/2/2004,0.59544
4/5/2004,-0.12277
4/6/2004,0.62303
4/7/2004,-0.16723
4/8/2004,-0.24091
4/9/2004,-2.45493
4/12/2004,-0.25273
4/13/2004,-0.45664
4/14/2004,-1.05384
4/15/2004,-1.07102
4/16/2004,0.87639
4/19/2004,-1.06656
4/20/2004,-0.38681
4/21/2004,-1.07439
4/22/2004,0.3753
4/23/2004,-1.35368
4/26/2004,0
4/27/2004,-1.45598
4/28/2004,-0.31442
4/29/2004,-1.71679
4/30/2004,1.01669
5/3/2004,0
5/4/2004,0
5/5/2004,0
5/6/2004,0
5/7/2004,0
5/10/2004,-2.24231
5/11/2004,0.50188
5/12/2004,2.25179
5/13/2004,-0.38734
5/14/2004,-2.2075
5/17/2004,-1.46523
5/18/2004,1.0002
5/19/2004,0.18306
5/20/2004,-0.59408
5/21/2004,0.59664
5/24/2004,-0.5134
5/25/2004,-2.10541
5/26/2004,0.42005
5/27/2004,2.12494
5/28/2004,-0.54477
5/31/2004,0.46318
6/1/2004,1.51491
6/2/2004,-0.8002
6/3/2004,-1.51356
6/4/2004,-0.09334
6/7/2004,-1.63051
6/8/2004,-1.55037
6/9/2004,-1.73813
6/10/2004,0.01839
6/11/2004,0.25371
6/14/2004,-2.29018
6/15/2004,1.72544
6/16/2004,0.79206
6/17/2004,-2.04874
6/18/2004,-1.26707
6/21/2004,0.43135
6/22/2004,1.19343
6/23/2004,-0.68825
6/24/2004,-0.90502
6/25/2004,-1.8835
6/28/2004,-1.14347
6/29/2004,1.68301
6/30/2004,-0.67881
7/1/2004,2.95138
7/2/2004,0.00833
7/5/2004,0.23564
7/6/2004,0.40828
7/7/2004,-0.83769
7/8/2004,0.09589
7/9/2004,-0.63614
7/12/2004,-2.36944
7/13/2004,0.1652
7/14/2004,0.30679
7/15/2004,1.25864
7/16/2004,2.40414
7/19/2004,0.09679
7/20/2004,-0.66082
7/21/2004,0.00691
7/22/2004,-2.84385
7/23/2004,-0.00284
7/26/2004,-1.41179
7/27/2004,-0.25543
7/28/2004,0.33755
7/29/2004,1.3247
7/30/2004,-1.51281
8/2/2004,-0.94078
8/3/2004,-0.50813
8/4/2004,2.76114
8/5/2004,-1.10756
8/6/2004,0.10218
8/9/2004,0.38689
8/10/2004,0.35185
8/11/2004,-1.13508
8/12/2004,-1.21753
8/13/2004,0.01827
8/16/2004,-1.02389
8/17/2004,0.4192
8/18/2004,-0.14567
8/19/2004,-1.31696
8/20/2004,0.09619
8/23/2004,-1.22454
8/24/2004,1.4397
8/25/2004,-0.36135
8/26/2004,-0.40087
8/27/2004,-1.0403
8/30/2004,-0.09091
8/31/2004,1.70211
9/1/2004,-1.54686
9/2/2004,0.48842
9/3/2004,-0.06102
9/6/2004,-0.4274
9/7/2004,0.21393
9/8/2004,-1.13609
9/9/2004,-1.92939
9/10/2004,0.21545
9/13/2004,-2.10104
9/14/2004,3.12755
9/15/2004,4.133
9/16/2004,1.17151
9/17/2004,3.12312
9/20/2004,3.3722
9/21/2004,-1.00695
9/22/2004,-1.98075
9/23/2004,3.09426
9/24/2004,-2.015
9/27/2004,-0.57004
9/28/2004,0.57213
9/29/2004,-1.0912
9/30/2004,-1.65516
10/1/2004,0
10/4/2004,0
10/5/2004,0
10/6/2004,0
10/7/2004,0
10/8/2004,1.86058
10/11/2004,-0.68969
10/12/2004,-2.05255
10/13/2004,0.16455
10/14/2004,-3.95542
10/15/2004,-0.18172
10/18/2004,0.36535
10/19/2004,0.16685
10/20/2004,-0.5277
10/21/2004,-1.5168
10/22/2004,1.42432
10/25/2004,-1.37855
10/26/2004,1.03418
10/27/2004,1.35106
10/28/2004,-0.07897
10/29/2004,-1.59265
11/1/2004,-1.16155
11/2/2004,-0.28847
11/3/2004,1.91918
11/4/2004,-1.66979
11/5/2004,0.02682
11/8/2004,-0.06898
11/9/2004,0.24505
11/10/2004,3.52878
11/11/2004,-0.54193
11/12/2004,0.38158
11/15/2004,1.30995
11/16/2004,0.02481
11/17/2004,-1.04529
11/18/2004,0.85831
11/19/2004,0.8829
11/22/2004,0.2215
11/23/2004,-0.85541
11/24/2004,-0.8878
11/25/2004,-0.05814
11/26/2004,-0.11786
11/29/2004,-1.43275
11/30/2004,0.24942
12/1/2004,-0.43577
12/2/2004,-0.13868
12/3/2004,0.30783
12/6/2004,0.1823
12/7/2004,-1.19323
12/8/2004,0.203
12/9/2004,0.92825
12/10/2004,-1.58782
12/13/2004,-0.61125
12/14/2004,-0.16353
12/15/2004,0.41975
12/16/2004,-0.61343
12/17/2004,-1.11964
12/20/2004,-1.17151
12/21/2004,-0.02274
12/22/2004,2.50909
12/23/2004,-1.91876
12/24/2004,0.1807
12/27/2004,-0.37189
12/28/2004,-0.10394
12/29/2004,-0.36268
12/30/2004,-0.0471
12/31/2004,-0.56767
1/3/2005,0
1/4/2005,-1.89144
1/5/2005,0.73516
1/6/2005,-1.00428
1/7/2005,0.42831
1/10/2005,0.6127
1/11/2005,0.40321
1/12/2005,-0.04295
1/13/2005,-0.04854
1/14/2005,-0.85455
1/17/2005,-2.35322
1/18/2005,0.72069
1/19/2005,-0.60076
1/20/2005,-1.13273
1/21/2005,2.46766
1/24/2005,1.71071
1/25/2005,-0.12351
1/26/2005,-0.98311
1/27/2005,-1.30237
1/28/2005,-1.00183
1/31/2005,-1.81673
2/1/2005,-0.24278
2/2/2005,5.20878
2/3/2005,-0.8169
2/4/2005,2.12566
2/7/2005,0
2/8/2005,0
2/9/2005,0
2/10/2005,0
2/11/2005,0
2/14/2005,0
2/15/2005,0
2/16/2005,0.77555
2/17/2005,-0.21526
2/18/2005,-1.35381
2/21/2005,2.006
2/22/2005,1.91234
2/23/2005,0.01451
2/24/2005,0.03665
2/25/2005,0.1899
2/28/2005,-0.4919
3/1/2005,-0.19851
3/2/2005,-1.23204
3/3/2005,0.53374
3/4/2005,-0.51355
3/7/2005,0.46718
3/8/2005,1.8783
3/9/2005,-0.11233
3/10/2005,-2.34815
3/11/2005,0.28802
3/14/2005,0.2756
3/15/2005,-1.90122
3/16/2005,-1.07339
3/17/2005,-0.96997
3/18/2005,-1.30077
3/21/2005,0.29694
3/22/2005,-1.97958
3/23/2005,-0.4376
3/24/2005,0.54278
3/25/2005,-0.21211
3/28/2005,-0.4589
3/29/2005,-0.42503
3/30/2005,-1.8965
3/31/2005,0.73668
4/1/2005,3.52081
4/4/2005,-1.69793
4/5/2005,-0.93791
4/6/2005,1.92227
4/7/2005,0.87037
4/8/2005,1.86181
4/11/2005,-0.60655
4/12/2005,-1.74442
4/13/2005,2.32534
4/14/2005,-1.11742
4/15/2005,-1.41724
4/18/2005,-1.59278
4/19/2005,0.18101
4/20/2005,-1.31792
4/21/2005,-0.98696
4/22/2005,-0.28782
4/25/2005,-0.96427
4/26/2005,0.63358
4/27/2005,-1.43212
4/28/2005,1.75682
4/29/2005,-0.85644
5/2/2005,0
5/3/2005,0
5/4/2005,0
5/5/2005,0
5/6/2005,0
5/9/2005,-2.47351
5/10/2005,0.4174
5/11/2005,-0.9992
5/12/2005,-1.8203
5/13/2005,0.32917
5/16/2005,-1.10391
5/17/2005,0.37994
5/18/2005,0.30146
5/19/2005,0.04623
5/20/2005,-0.38134
5/23/2005,-2.62029
5/24/2005,0.28069
5/25/2005,-0.15937
5/26/2005,-1.24543
5/27/2005,-0.65567
5/30/2005,0.77743
5/31/2005,0.05469
6/1/2005,-2.05252
6/2/2005,-2.25092
6/3/2005,-0.23846
6/6/2005,2.02544
6/7/2005,-0.33312
6/8/2005,7.89034
6/9/2005,1.3772
6/10/2005,-2.03281
6/13/2005,-0.18062
6/14/2005,-1.16651
6/15/2005,-1.90376
6/16/2005,1.22011
6/17/2005,-0.03684
6/20/2005,2.72683
6/21/2005,-1.27465
6/22/2005,0.04901
6/23/2005,-0.75875
6/24/2005,0.74514
6/27/2005,2.04452
6/28/2005,-1.4374
6/29/2005,-0.32527
6/30/2005,-2.20053
7/1/2005,-2.37312
7/4/2005,-0.79035
7/5/2005,-0.78991
7/6/2005,-0.52977
7/7/2005,0.48742
7/8/2005,-2.00534
7/11/2005,-0.63859
7/12/2005,3.36919
7/13/2005,-0.84184
7/14/2005,0.29165
7/15/2005,-1.38495
7/18/2005,-1.37476
7/19/2005,0.22206
7/20/2005,0.65835
7/21/2005,-0.04114
7/22/2005,2.48592
7/25/2005,-0.08797
7/26/2005,2.58818
7/27/2005,1.58137
7/28/2005,-0.30876
7/29/2005,-0.32449
8/1/2005,0.54513
8/2/2005,1.37622
8/3/2005,0.33096
8/4/2005,-0.46238
8/5/2005,2.344
8/8/2005,0.89434
8/9/2005,1.19142
8/10/2005,1.07873
8/11/2005,1.57969
8/12/2005,-1.33194
8/15/2005,1.62132
8/16/2005,-0.82308
8/17/2005,1.31219
8/18/2005,-3.82725
8/19/2005,0.18623
8/22/2005,0.72939
8/23/2005,-0.74852
8/24/2005,1.48292
8/25/2005,0.45563
8/26/2005,-0.05204
8/29/2005,-1.49855
8/30/2005,-0.69888
8/31/2005,1.4213
9/1/2005,1.88528
9/2/2005,0.33028
9/5/2005,0.61801
9/6/2005,-1.93292
9/7/2005,1.77313
9/8/2005,0.00837
9/9/2005,-0.40184
9/12/2005,-0.1186
9/13/2005,1.58225
9/14/2005,0.83319
9/15/2005,0.00164
9/16/2005,-0.35635
9/19/2005,0.63117
9/20/2005,-0.65838
9/21/2005,-2.05205
9/22/2005,-2.38773
9/23/2005,-0.69033
9/26/2005,0.26528
9/27/2005,-1.90542
9/28/2005,-0.1298
9/29/2005,2.07331
9/30/2005,0.01125
10/3/2005,0
10/4/2005,0
10/5/2005,0
10/6/2005,0
10/7/2005,0
10/10/2005,-1.45216
10/11/2005,1.58879
10/12/2005,0.40189
10/13/2005,-0.79846
10/14/2005,-1.13955
10/17/2005,-0.71953
10/18/2005,0.86422
10/19/2005,-0.57914
10/20/2005,0.11803
10/21/2005,0.47162
10/24/2005,-0.01314
10/25/2005,-1.70125
10/26/2005,-2.23165
10/27/2005,0.05649
10/28/2005,-1.55237
10/31/2005,1.09952
11/1/2005,-0.26297
11/2/2005,1.35234
11/3/2005,-0.86544
11/4/2005,0.43547
11/7/2005,0.05453
11/8/2005,0.85942
11/9/2005,-0.18032
11/10/2005,-1.80751
11/11/2005,0.17351
11/14/2005,-0.14136
11/15/2005,-0.10477
11/16/2005,0.76761
11/17/2005,-0.05294
11/18/2005,1.96091
11/21/2005,0.26286
11/22/2005,-1.91839
11/23/2005,0.64326
11/24/2005,0.68676
11/25/2005,0.13912
11/28/2005,-0.36842
11/29/2005,-1.25284
11/30/2005,0.20672
12/1/2005,-0.04641
12/2/2005,-0.40674
12/5/2005,-1.38857
12/6/2005,0.79281
12/7/2005,1.08075
12/8/2005,-0.11738
12/9/2005,1.37085
12/12/2005,0.25921
12/13/2005,0.13248
12/14/2005,0.67224
12/15/2005,-0.16274
12/16/2005,0.35094
12/19/2005,0.37534
12/20/2005,0.40475
12/21/2005,-0.49226
12/22/2005,0.39541
12/23/2005,0.8447
12/26/2005,1.03838
12/27/2005,-0.21894
12/28/2005,0.23709
12/29/2005,1.10277
12/30/2005,-0.75507
1/2/2006,0
1/3/2006,0
1/4/2006,1.69943
1/5/2006,1.37163
1/6/2006,1.00969
1/9/2006,0.51545
1/10/2006,0.40636
1/11/2006,-0.78712
1/12/2006,1.28399
1/13/2006,-0.42808
1/16/2006,-1.53365
1/17/2006,0.46199
1/18/2006,2.04038
1/19/2006,1.46727
1/20/2006,0.29758
1/23/2006,0.03664
1/24/2006,-0.29587
1/25/2006,0.47727
1/26/2006,0
1/27/2006,0
1/30/2006,0
1/31/2006,0
2/1/2006,0
2/2/2006,0
2/3/2006,0
2/6/2006,2.32404
2/7/2006,-0.4304
2/8/2006,0.61894
2/9/2006,-1.6105
2/10/2006,1.03523
2/13/2006,-0.23573
2/14/2006,0.52144
2/15/2006,0.99324
2/16/2006,-2.22128
2/17/2006,-0.25374
2/20/2006,0.01026
2/21/2006,1.63386
2/22/2006,-0.32573
2/23/2006,0.3591
2/24/2006,0.62033
2/27/2006,0.02467
2/28/2006,0.14174
3/1/2006,0.58029
3/2/2006,-1.61407
3/3/2006,0.59171
3/6/2006,-0.33692
3/7/2006,-2.27797
3/8/2006,-0.76007
3/9/2006,-0.41754
3/10/2006,0.03854
3/13/2006,1.11923
3/14/2006,-0.05003
3/15/2006,1.24476
3/16/2006,-0.04865
3/17/2006,-0.37191
3/20/2006,1.4825
3/21/2006,0.15356
3/22/2006,0.4878
3/23/2006,0.44245
3/24/2006,-0.59758
3/27/2006,0.09419
3/28/2006,0.22122
3/29/2006,0.52067
3/30/2006,-0.83453
3/31/2006,0.27613
4/3/2006,1.61744
4/4/2006,0.77984
4/5/2006,0.77605
4/6/2006,-0.03134
4/7/2006,0.24006
4/10/2006,1.19319
4/11/2006,0.23151
4/12/2006,-0.15428
4/13/2006,-2.0651
4/14/2006,2.02171
4/17/2006,1.39293
4/18/2006,0.47038
4/19/2006,0.83328
4/20/2006,-0.77626
4/21/2006,2.2044
4/24/2006,-0.4953
4/25/2006,-0.71328
4/26/2006,1.25727
4/27/2006,-0.05292
4/28/2006,1.64445
5/1/2006,0
5/2/2006,0
5/3/2006,0
5/4/2006,0
5/5/2006,0
5/8/2006,3.8734
5/9/2006,2.24957
5/10/2006,0.94448
5/11/2006,-0.53907
5/12/2006,4.16911
5/15/2006,3.75076
5/16/2006,-3.10276
5/17/2006,0.73493
5/18/2006,-0.48544
5/19/2006,2.58008
5/22/2006,-0.11214
5/23/2006,-3.25817
5/24/2006,-0.85309
5/25/2006,0.03205
5/26/2006,1.40144
5/29/2006,2.12426
5/30/2006,0.52937
5/31/2006,-0.96951
6/1/2006,2.57961
6/2/2006,-0.88205
6/5/2006,0.90757
6/6/2006,-0.32642
6/7/2006,-5.48248
6/8/2006,0.12197
6/9/2006,-2.55258
6/12/2006,0.09149
6/13/2006,-0.27795
6/14/2006,-1.11436
6/15/2006,0.1729
6/16/2006,2.6053
6/19/2006,0.74792
6/20/2006,0.38004
6/21/2006,0.36296
6/22/2006,-0.12836
6/23/2006,0.60217
6/26/2006,1.71283
6/27/2006,0.37275
6/28/2006,-0.01586
6/29/2006,1.953
6/30/2006,0.03529
7/3/2006,1.48809
7/4/2006,-0.9311
7/5/2006,2.17707
7/6/2006,1.32429
7/7/2006,-0.64984
7/10/2006,0.23899
7/11/2006,0.65975
7/12/2006,-0.33335
7/13/2006,-4.9619
7/14/2006,0.56851
7/17/2006,1.05613
7/18/2006,0.08078
7/19/2006,-2.34827
7/20/2006,0.60359
7/21/2006,0.61498
7/24/2006,0.03662
7/25/2006,1.1649
7/26/2006,0.07058
7/27/2006,-0.68297
7/28/2006,-0.78749
7/31/2006,-3.01114
8/1/2006,-0.75436
8/2/2006,0.01624
8/3/2006,0.01187
8/4/2006,-1.94948
8/7/2006,-1.45692
8/8/2006,2.11899
8/9/2006,-0.12725
8/10/2006,1.72646
8/11/2006,-0.00809
8/14/2006,-2.21562
8/15/2006,1.57406
8/16/2006,1.29202
8/17/2006,-0.81249
8/18/2006,-0.33174
8/21/2006,0.19568
8/22/2006,0.75906
8/23/2006,-0.0589
8/24/2006,0.65649
8/25/2006,0.00062
8/28/2006,1.67471
8/29/2006,0.03514
8/30/2006,0.25225
8/31/2006,0.20822
9/1/2006,-1.33221
9/4/2006,1.26466
9/5/2006,0.39499
9/6/2006,0.48199
9/7/2006,-0.65581
9/8/2006,0.40791
9/11/2006,0.41819
9/12/2006,1.23947
9/13/2006,-0.38225
9/14/2006,0.01776
9/15/2006,1.83895
9/18/2006,0.69137
9/19/2006,0.12975
9/20/2006,-0.16091
9/21/2006,0.48656
9/22/2006,-0.89665
9/25/2006,-0.17345
9/26/2006,-0.56652
9/27/2006,0.72142
9/28/2006,0.68862
9/29/2006,0.88612
10/2/2006,0
10/3/2006,0
10/4/2006,0
10/5/2006,0
10/6/2006,0
10/9/2006,1.86392
10/10/2006,-0.02969
10/11/2006,0.29315
10/12/2006,-0.66811
10/13/2006,0.36376
10/16/2006,-0.75142
10/17/2006,-0.41865
10/18/2006,1.31173
10/19/2006,0.28273
10/20/2006,-0.10551
10/23/2006,-1.74496
10/24/2006,2.56932
10/25/2006,0.0814
10/26/2006,0.22116
10/27/2006,-0.19183
10/30/2006,0.13714
10/31/2006,1.55336
11/1/2006,0.95948
11/2/2006,-0.23739
11/3/2006,0.80965
11/6/2006,1.06325
11/7/2006,0.17056
11/8/2006,-1.20917
11/9/2006,1.57631
11/10/2006,-0.69474
11/13/2006,-1.04508
11/14/2006,1.30439
11/15/2006,1.82101
11/16/2006,0.96314
11/17/2006,1.54551
11/20/2006,2.28083
11/21/2006,0.9998
11/22/2006,0.18632
11/23/2006,1.02396
11/24/2006,-0.56161
11/27/2006,-0.17228
11/28/2006,-0.41899
11/29/2006,0.75108
11/30/2006,2.17663
12/1/2006,0.13139
12/4/2006,2.79588
12/5/2006,0.53657
12/6/2006,-0.77046
12/7/2006,0.00696
12/8/2006,-2.96983
12/11/2006,4.065
12/12/2006,1.74799
12/13/2006,0.20304
12/14/2006,1.147
12/15/2006,1.09662
12/18/2006,2.54098
12/19/2006,1.35206
12/20/2006,0.38122
12/21/2006,-1.28369
12/22/2006,0.03115
12/25/2006,3.85407
12/26/2006,1.78909
12/27/2006,2.25921
12/28/2006,1.22259
12/29/2006,4.11574
1/4/2007,1.4932
1/5/2007,-2.77745
1/8/2007,2.46323
1/9/2007,3.64864
1/10/2007,0.63124
1/11/2007,-1.98266
1/12/2007,-3.75167
1/15/2007,4.63544
1/16/2007,0.93738
1/17/2007,-1.50434
1/18/2007,-0.79193
1/19/2007,2.69214
1/22/2007,3.50332
1/23/2007,0.5423
1/24/2007,0.87741
1/25/2007,-4.03896
1/26/2007,0.87807
1/29/2007,2.15183
1/30/2007,-0.50036
1/31/2007,-5.04682
2/1/2007,-0.03231
2/2/2007,-4.11223
2/5/2007,-2.29571
2/6/2007,2.38881
2/7/2007,1.50155
2/8/2007,0.79026
2/9/2007,-0.26847
2/12/2007,2.77324
2/13/2007,0.87604
2/14/2007,2.55271
2/15/2007,2.98152
2/16/2007,0.18226
2/26/2007,1.39527
2/27/2007,-9.25615
2/28/2007,3.86684
3/1/2007,-2.95464
3/2/2007,1.22019
3/5/2007,-1.6458
3/6/2007,1.95083
3/7/2007,1.96668
3/8/2007,1.07888
3/9/2007,0.33754
3/12/2007,0.57697
3/13/2007,0.3338
3/14/2007,-1.99151
3/15/2007,1.54902
3/16/2007,-0.7215
3/19/2007,2.82478
3/20/2007,0.58744
3/21/2007,0.82699
3/22/2007,0.45198
3/23/2007,0.09958
3/26/2007,1.56593
3/27/2007,0.51169
3/28/2007,1.08337
3/29/2007,0.76979
3/30/2007,-0.42498
4/2/2007,2.13196
4/3/2007,1.1831
4/4/2007,0.00729
4/5/2007,0.83502
4/6/2007,0.13368
4/9/2007,2.2424
4/10/2007,1.32512
4/11/2007,1.46785
4/12/2007,1.01933
4/13/2007,-0.36202
4/16/2007,2.19751
4/17/2007,0.42812
4/18/2007,0.01467
4/19/2007,-4.62822
4/20/2007,3.84452
4/23/2007,3.47364
4/24/2007,0.25944
4/25/2007,0.62777
4/26/2007,1.03893
4/27/2007,-0.61488
4/30/2007,2.14187
5/8/2007,2.79151
5/9/2007,1.58409
5/10/2007,0.90838
5/11/2007,-0.69431
5/14/2007,0.61254
5/15/2007,-3.70589
5/16/2007,2.2032
5/17/2007,1.54963
5/18/2007,-0.44637
5/21/2007,1.03599
5/22/2007,0.93247
5/23/2007,1.52898
5/24/2007,-0.54247
5/25/2007,0.6878
5/28/2007,2.18492
5/29/2007,1.45953
5/30/2007,-6.72236
5/31/2007,1.38583
6/1/2007,-2.68585
6/4/2007,-8.61787
6/5/2007,2.60048
6/6/2007,0.24445
6/7/2007,2.98648
6/8/2007,0.57253
6/11/2007,2.08737
6/12/2007,1.89549
6/13/2007,2.53001
6/14/2007,-1.47789
6/15/2007,0.42822
6/18/2007,2.87348
6/19/2007,0.37945
6/20/2007,-2.08744
6/21/2007,1.17688
6/22/2007,-3.34964
6/25/2007,-3.74446
6/26/2007,0.81598
6/27/2007,2.61392
6/28/2007,-4.11428
6/29/2007,-2.41773
7/2/2007,0.40721
7/3/2007,1.6399
7/4/2007,-2.16575
7/5/2007,-5.39148
7/6/2007,4.47486
7/9/2007,2.65836
7/10/2007,-0.78074
7/11/2007,0.32907
7/12/2007,1.29202
7/13/2007,-0.04061
7/16/2007,-2.39091
7/17/2007,1.92462
7/18/2007,0.86555
7/19/2007,-0.43657
7/20/2007,3.66107
7/23/2007,3.73607
7/24/2007,-0.07194
7/25/2007,2.66329
7/26/2007,0.51878
7/27/2007,-0.02531
7/30/2007,2.17192
7/31/2007,0.6791
8/1/2007,-3.88736
8/2/2007,2.46146
8/3/2007,3.41317
8/6/2007,1.46571
8/7/2007,0.49831
8/8/2007,0.25616
8/9/2007,1.93141
8/10/2007,-0.09954
8/13/2007,1.47744
8/14/2007,1.08803
8/15/2007,-0.05974
8/16/2007,-2.16773
8/17/2007,-2.31128
8/20/2007,5.19454
8/21/2007,1.0215
8/22/2007,0.50064
8/23/2007,1.04689
8/24/2007,1.48284
8/27/2007,0.82767
8/28/2007,0.86169
8/29/2007,-1.65491
8/30/2007,1.13747
8/31/2007,0.98107
9/3/2007,1.93993
9/4/2007,-0.50909
9/5/2007,0.31458
9/6/2007,1.54968
9/7/2007,-2.18323
9/10/2007,1.4693
9/11/2007,-4.61088
9/12/2007,1.14053
9/13/2007,1.93301
9/14/2007,0.7291
9/17/2007,2.03499
9/18/2007,0.07044
9/19/2007,-0.5534
9/20/2007,1.37669
9/21/2007,-0.28175
9/24/2007,0.55468
9/25/2007,-1.08388
9/26/2007,-1.62316
9/27/2007,1.31897
9/28/2007,2.60741
10/8/2007,2.49812
10/9/2007,0.40566
10/10/2007,0.96751
10/11/2007,2.42671
10/12/2007,-0.16875
10/15/2007,2.12572
10/16/2007,1.02243
10/17/2007,-0.91984
10/18/2007,-3.55809
10/19/2007,-0.12419
10/22/2007,-2.6247
10/23/2007,1.85413
10/24/2007,1.20038
10/25/2007,-4.92353
10/26/2007,0.48852
10/29/2007,2.79389
10/30/2007,2.5624
10/31/2007,0.97166
11/1/2007,-0.68211
11/2/2007,-2.33467
11/5/2007,-2.51252
11/6/2007,-1.75244
11/7/2007,1.17092
11/8/2007,-4.97294
11/9/2007,-0.27204
11/12/2007,-2.43384
11/13/2007,-0.5724
11/14/2007,4.8174
11/15/2007,-0.87995
11/16/2007,-0.91748
11/19/2007,-0.87757
11/20/2007,0.45212
11/21/2007,-1.5126
11/22/2007,-4.51265
11/23/2007,0.95785
11/26/2007,-1.46695
11/27/2007,-1.99071
11/28/2007,-1.19449
11/29/2007,4.07818
11/30/2007,-2.66443
12/3/2007,-0.06509
12/4/2007,0.96643
12/5/2007,2.54589
12/6/2007,-0.15043
12/7/2007,1.11961
12/10/2007,1.36851
12/11/2007,0.25462
12/12/2007,-1.54892
12/13/2007,-2.73551
12/14/2007,1.00082
12/17/2007,-2.65376
12/18/2007,-0.8358
12/19/2007,2.16025
12/20/2007,2.03826
12/21/2007,1.14813
12/24/2007,2.5636
12/25/2007,-0.634
12/26/2007,0.61661
12/27/2007,1.43312
12/28/2007,-0.89552
12/31/2007,0
1/2/2008,0.21359
1/3/2008,0.88836
1/4/2008,0.78099
1/7/2008,0.5908
1/8/2008,-0.12635
1/9/2008,0.91072
1/10/2008,0.38063
1/11/2008,0.51439
1/14/2008,0.24075
1/15/2008,-0.98907
1/16/2008,-2.8542
1/17/2008,-2.66204
1/18/2008,0.55903
1/21/2008,-5.27257
1/22/2008,-7.491
1/23/2008,3.09434
1/24/2008,0.31165
1/25/2008,0.92749
1/28/2008,-7.46236
1/29/2008,0.87077
1/30/2008,-0.90336
1/31/2008,-0.78308
2/1/2008,-1.43888
2/4/2008,7.819
2/5/2008,-1.56325
2/13/2008,-2.3978
2/14/2008,1.36239
2/15/2008,-1.21976
2/18/2008,1.56689
2/19/2008,2.08273
2/20/2008,-2.10725
2/21/2008,-0.87639
2/22/2008,-3.52699
2/25/2008,-4.1525
2/26/2008,1.08296
2/27/2008,2.23685
2/28/2008,-0.80014
2/29/2008,1.13391
3/3/2008,2.04245
3/4/2008,-2.34392
3/5/2008,-0.99212
3/6/2008,1.57948
3/7/2008,-1.39632
3/10/2008,-3.65196
3/11/2008,0.47112
3/12/2008,-2.32551
3/13/2008,-2.45891
3/14/2008,-0.21654
3/17/2008,-3.66545
3/18/2008,-4.03716
3/19/2008,2.49525
3/20/2008,1.12219
3/21/2008,-0.19656
3/24/2008,-4.59182
3/25/2008,0.09454
3/26/2008,-0.62904
3/27/2008,-5.56884
3/28/2008,4.82556
3/31/2008,-3.04694
4/1/2008,-4.22152
4/2/2008,0.56073
4/3/2008,2.89565
4/7/2008,4.35445
4/8/2008,0.35828
4/9/2008,-5.65529
4/10/2008,1.67976
4/11/2008,0.60736
4/14/2008,-5.78166
4/15/2008,1.55548
4/16/2008,-1.70939
4/17/2008,-2.11418
4/18/2008,-4.05507
4/21/2008,0.71833
4/22/2008,0.9836
4/23/2008,4.06335
4/24/2008,8.88747
4/25/2008,-0.70805
4/28/2008,-2.36144
4/29/2008,1.39154
4/30/2008,4.70397
5/5/2008,1.82186
5/6/2008,-0.73414
5/7/2008,-4.22208
5/8/2008,2.1474
5/9/2008,-1.19253
5/12/2008,0.37263
5/13/2008,-1.85724
5/14/2008,2.69328
5/15/2008,-0.55136
5/16/2008,-0.36053
5/19/2008,-0.53867
5/20/2008,-4.58655
5/21/2008,2.892
5/22/2008,-1.66608
5/23/2008,-0.36041
5/26/2008,-3.17534
5/27/2008,0.32255
5/28/2008,2.44714
5/29/2008,-1.67893
5/30/2008,0.93376
6/2/2008,0.74546
6/3/2008,-0.65667
6/4/2008,-1.95384
6/5/2008,-0.54333
6/6/2008,-0.65796
6/10/2008,-8.0437
6/11/2008,-1.57764
6/12/2008,-2.23054
6/13/2008,-3.04606
6/16/2008,0.18458
6/17/2008,-2.79969
6/18/2008,5.10444
6/19/2008,-6.75971
6/20/2008,2.97014
6/23/2008,-2.55085
6/24/2008,1.53146
6/25/2008,3.57394
6/26/2008,-0.10884
6/27/2008,-5.43186
6/30/2008,-0.44963
7/1/2008,-3.13703
7/2/2008,0.0049
7/3/2008,1.93461
7/4/2008,-1.25211
7/7/2008,4.48642
7/8/2008,0.80431
7/9/2008,3.68275
7/10/2008,-1.55628
7/11/2008,-0.65666
7/14/2008,0.75433
7/15/2008,-3.49329
7/16/2008,-2.68296
7/17/2008,-0.78247
7/18/2008,3.42656
7/21/2008,2.94536
7/22/2008,-0.53613
7/23/2008,-0.29099
7/24/2008,2.5206
7/25/2008,-1.56495
7/28/2008,1.31449
7/29/2008,-1.83204
7/30/2008,-0.47969
7/31/2008,-2.17207
8/1/2008,0.9359
8/4/2008,-2.16765
8/5/2008,-1.87728
8/6/2008,1.05803
8/7/2008,0.30145
8/8/2008,-4.57057
8/11/2008,-5.34625
8/12/2008,-0.5224
8/13/2008,-0.44458
8/14/2008,-0.37761
8/15/2008,0.55364
8/18/2008,-5.48258
8/19/2008,1.05482
8/20/2008,7.35003
8/21/2008,-3.69608
8/22/2008,-1.09533
8/25/2008,0.33786
8/26/2008,-2.65747
8/27/2008,-0.33801
8/28/2008,0.34056
8/29/2008,1.98974
9/1/2008,-3.05921
9/2/2008,-0.87473
9/3/2008,-1.23191
9/4/2008,0.0325
9/5/2008,-3.34685
9/8/2008,-2.71677
9/9/2008,0.11004
9/10/2008,0.23181
9/11/2008,-3.39439
9/12/2008,0.03318
9/16/2008,-4.57645
9/17/2008,-2.94171
9/18/2008,-1.73656
9/19/2008,9.03425
9/22/2008,7.48674
9/23/2008,-1.57284
9/24/2008,0.69257
9/25/2008,3.57523
9/26/2008,-0.16205
9/29/2008,0
9/30/2008,0
10/1/2008,0
10/2/2008,0
10/3/2008,0
10/6/2008,-5.37519
10/7/2008,-0.73415
10/8/2008,-3.0882
10/9/2008,-0.8467
10/10/2008,-3.63266
10/13/2008,3.58396
10/14/2008,-2.75019
10/15/2008,-1.12913
10/16/2008,-4.34068
10/17/2008,1.07849
10/20/2008,2.22103
10/21/2008,-0.78728
10/22/2008,-3.25427
10/23/2008,-1.07442
10/24/2008,-1.93483
10/27/2008,-6.5289
10/28/2008,2.77372
10/29/2008,-2.97934
10/30/2008,2.5149
10/31/2008,-1.99411
11/3/2008,-0.52312
11/4/2008,-0.76289
11/5/2008,3.10987
11/6/2008,-2.46625
11/7/2008,1.73085
11/10/2008,7.01956
11/11/2008,-1.67764
11/12/2008,0.83723
11/13/2008,3.6183
11/14/2008,3.00632
11/17/2008,2.19281
11/18/2008,-6.51402
11/19/2008,5.87122
11/20/2008,-1.68502
11/21/2008,-0.72702
11/24/2008,-3.74185
11/25/2008,-0.44113
11/26/2008,0.48434
11/27/2008,1.04725
11/28/2008,-2.46514
12/1/2008,1.24545
12/2/2008,-0.26267
12/3/2008,3.93145
12/4/2008,1.8196
12/5/2008,0.8537
12/8/2008,3.50985
12/9/2008,-2.56911
12/10/2008,2.01034
12/11/2008,-2.30817
12/12/2008,-3.8877
12/15/2008,0.51856
12/16/2008,0.54019
12/17/2008,0.0916
12/18/2008,1.94721
12/19/2008,0.13733
12/22/2008,-1.53265
12/23/2008,-4.66187
12/24/2008,-1.77722
12/25/2008,-0.61245
12/26/2008,-0.0486
12/29/2008,-0.05619
12/30/2008,-0.95402
12/31/2008,-0.66234
1/5/2009,3.23732
1/6/2009,2.95631
1/7/2009,-0.68063
1/8/2009,-2.41083
1/9/2009,1.41053
1/12/2009,-0.23704
1/13/2009,-1.96514
1/14/2009,3.45477
1/15/2009,-0.44998
1/16/2009,1.76692
1/19/2009,1.63562
1/20/2009,0.3738
1/21/2009,-0.45688
1/22/2009,0.99901
1/23/2009,-0.71529
1/26/2009,0
1/27/2009,0
1/28/2009,0
1/29/2009,0
1/30/2009,0
2/2/2009,1.0504
2/3/2009,2.41289
2/4/2009,2.25219
2/5/2009,-0.4627
2/6/2009,3.88995
2/9/2009,1.9733
2/10/2009,1.80188
2/11/2009,-0.19178
2/12/2009,-0.56466
2/13/2009,3.18267
2/16/2009,2.91305
2/17/2009,-2.97123
2/18/2009,-4.83966
2/19/2009,0.77801
2/20/2009,1.53102
2/23/2009,1.93995
2/24/2009,-4.66662
2/25/2009,0.26865
2/26/2009,-3.94337
2/27/2009,-1.82684
3/2/2009,0.50763
3/3/2009,-1.05742
3/4/2009,5.93587
3/5/2009,1.03957
3/6/2009,-1.27185
3/9/2009,-3.44487
3/10/2009,1.86197
3/11/2009,-0.90982
3/12/2009,-0.24059
3/13/2009,-0.236
3/16/2009,1.1415
3/17/2009,2.97578
3/18/2009,0.24313
3/19/2009,1.87243
3/20/2009,0.67432
3/23/2009,1.92731
3/24/2009,0.5549
3/25/2009,-2.0247
3/26/2009,3.01533
3/27/2009,0.53799
3/30/2009,-0.69309
3/31/2009,0.64127
4/1/2009,1.45614
4/2/2009,0.71463
4/3/2009,-0.22745
4/6/2009,0
4/7/2009,0.79853
4/8/2009,-3.83578
4/9/2009,1.3746
4/10/2009,2.66801
4/13/2009,2.80256
4/14/2009,0.53483
4/15/2009,0.35076
4/16/2009,-0.07613
4/17/2009,-1.19849
4/20/2009,2.11491
4/21/2009,-0.84936
4/22/2009,-2.9811
4/23/2009,0.10558
4/24/2009,-0.62534
4/27/2009,-1.78169
4/28/2009,-0.16269
4/29/2009,2.74165
4/30/2009,0.37932
5/1/2009,0
5/4/2009,3.26939
5/5/2009,0.28982
5/6/2009,0.976
5/7/2009,0.18998
5/8/2009,1.07983
5/11/2009,-1.7636
5/12/2009,1.47831
5/13/2009,1.72668
5/14/2009,-0.90052
5/15/2009,0.20321
5/18/2009,0.28388
5/19/2009,0.89691
5/20/2009,-0.94856
5/21/2009,-1.55038
5/22/2009,-0.49998
5/25/2009,0.47661
5/26/2009,-0.82485
5/27/2009,1.69917
5/28/2009,0
5/29/2009,0
6/1/2009,3.30051
6/2/2009,0.11092
6/3/2009,1.97321
6/4/2009,-0.40932
6/5/2009,-0.4836
6/8/2009,0.52334
6/9/2009,0.70372
6/10/2009,1.01212
6/11/2009,-0.67444
6/12/2009,-1.93326
6/15/2009,1.65511
6/16/2009,-0.4862
6/17/2009,1.22089
6/18/2009,1.54593
6/19/2009,0.92739
6/22/2009,0.54736
6/23/2009,-0.12437
6/24/2009,1.01807
6/25/2009,0.09406
6/26/2009,0.10797
6/29/2009,1.59569
6/30/2009,-0.53752
7/1/2009,1.63522
7/2/2009,1.71713
7/3/2009,0.91468
7/6/2009,1.16852
7/7/2009,-1.13356
7/8/2009,-0.28135
7/9/2009,1.36241
7/10/2009,-0.29181
7/13/2009,-1.07742
7/14/2009,2.07534
7/15/2009,1.37015
7/16/2009,-0.15097
7/17/2009,0.18828
7/20/2009,2.39082
7/21/2009,-1.65772
7/22/2009,2.56242
7/23/2009,0.96241
7/24/2009,1.31652
7/27/2009,1.83941
7/28/2009,0.09195
7/29/2009,-5.12999
7/30/2009,1.67369
7/31/2009,2.68817
8/3/2009,1.47006
8/4/2009,0.25526
8/5/2009,-1.24466
8/6/2009,-2.12747
8/7/2009,-2.89093
8/10/2009,-0.33577
8/11/2009,0.45959
8/12/2009,-4.76801
8/13/2009,0.89042
8/14/2009,-3.02535
8/17/2009,-5.96161
8/18/2009,1.39239
8/19/2009,-4.39993
8/20/2009,4.42398
8/21/2009,1.67535
8/24/2009,1.09705
8/25/2009,-2.62757
8/26/2009,1.7606
8/27/2009,-0.71661
8/28/2009,-2.95212
8/31/2009,-6.98274
9/1/2009,0.59685
9/2/2009,1.1577
9/3/2009,4.67892
9/4/2009,0.58143
9/7/2009,0.67947
9/8/2009,1.69871
9/9/2009,0.53703
9/10/2009,-0.72831
9/11/2009,2.19497
9/14/2009,1.2283
9/15/2009,0.23068
9/16/2009,-1.12773
9/17/2009,1.99843
9/18/2009,-3.2409
9/21/2009,0.14638
9/22/2009,-2.36892
9/23/2009,-1.91042
9/24/2009,0.38025
9/25/2009,-0.51683
9/28/2009,-2.68903
9/29/2009,-0.32548
9/30/2009,0.89954
10/1/2009,0
10/2/2009,0
10/5/2009,0
10/6/2009,0
10/7/2009,0
10/8/2009,0
10/9/2009,4.64981
10/12/2009,-0.59385
10/13/2009,1.43073
10/14/2009,1.16276
10/15/2009,0.31124
10/16/2009,-0.1061
10/19/2009,2.04965
10/20/2009,1.50851
10/21/2009,-0.45036
10/22/2009,-0.62659
10/23/2009,1.83274
10/26/2009,0.05533
10/27/2009,-2.87443
10/28/2009,0.32613
10/29/2009,-2.36534
10/30/2009,1.188
11/2/2009,2.66133
11/3/2009,1.21406
11/4/2009,0.45845
11/5/2009,0.84379
11/6/2009,0.28453
11/9/2009,0.36406
11/10/2009,0.09537
11/11/2009,-0.10765
11/12/2009,-0.07057
11/13/2009,0.46222
11/16/2009,2.70492
11/17/2009,0.2391
11/18/2009,0.61766
11/19/2009,0.52477
11/20/2009,-0.36989
11/23/2009,0.912
11/24/2009,-3.50925
11/25/2009,2.04622
11/26/2009,-3.68985
11/27/2009,-2.38458
11/30/2009,3.1486
12/1/2009,1.24592
12/2/2009,1.05733
12/3/2009,-0.15671
12/4/2009,1.59264
12/7/2009,0.44699
12/8/2009,-1.06329
12/9/2009,-1.74692
12/10/2009,0.45243
12/11/2009,-0.21349
12/14/2009,1.69708
12/15/2009,-0.86479
12/16/2009,-0.58962
12/17/2009,-2.36649
12/18/2009,-2.07191
12/21/2009,0.29117
12/22/2009,-2.34724
12/23/2009,0.7596
12/24/2009,2.55763
12/25/2009,-0.38318
12/28/2009,1.49858
12/29/2009,0.71807
12/30/2009,1.57054
12/31/2009,0.44467
1/4/2010,-1.02379
1/5/2010,1.17747
1/6/2010,-0.85552
1/7/2010,-1.90606
1/8/2010,0.1008
1/11/2010,0.52272
1/12/2010,1.8876
1/13/2010,-3.1433
1/14/2010,1.34281
1/15/2010,0.26709
1/18/2010,0.40085
1/19/2010,0.30136
1/20/2010,-2.97019
1/21/2010,0.22216
1/22/2010,-0.96288
1/25/2010,-1.09852
1/26/2010,-2.45424
1/27/2010,-1.09159
1/28/2010,0.25181
1/29/2010,-0.16211
2/1/2010,-1.61638
2/2/2010,-0.22634
2/3/2010,2.32795
2/4/2010,-0.28404
2/5/2010,-1.88423
2/8/2010,-0.14401
2/9/2010,0.46465
2/10/2010,1.135
2/11/2010,0.10054
2/12/2010,1.08702
2/15/2010,0
2/16/2010,0
2/17/2010,0
2/18/2010,0
2/19/2010,0
2/22/2010,-0.48925
2/23/2010,-0.69596
2/24/2010,1.31931
2/25/2010,1.26391
2/26/2010,-0.28401
3/1/2010,1.16944
3/2/2010,-0.47817
3/3/2010,0.77438
3/4/2010,-2.40618
3/5/2010,0.25403
3/8/2010,0.72877
3/9/2010,0.51973
3/10/2010,-0.66067
3/11/2010,0.07705
3/12/2010,-1.24888
3/15/2010,-1.21764
3/16/2010,0.53268
3/17/2010,1.90762
3/18/2010,-0.14402
3/19/2010,0.70856
3/22/2010,0.22239
3/23/2010,-0.70043
3/24/2010,0.12079
3/25/2010,-1.23866
3/26/2010,1.33381
3/29/2010,2.07268
3/30/2010,0.14939
3/31/2010,-0.62108
4/1/2010,1.22498
4/2/2010,0.33432
4/5/2010,0
4/6/2010,0.0228
4/7/2010,-0.3317
4/8/2010,-0.94178
4/9/2010,0.85057
4/12/2010,-0.51286
4/13/2010,1.0171
4/14/2010,0.15583
4/15/2010,-0.03822
4/16/2010,-1.10147
4/19/2010,-4.91049
4/20/2010,-0.02584
4/21/2010,1.7879
4/22/2010,-1.12056
4/23/2010,-0.53284
4/26/2010,-0.47169
4/27/2010,-2.09521
4/28/2010,-0.2617
4/29/2010,-1.10597
4/30/2010,0.07597
5/3/2010,0
5/4/2010,-1.23839
5/5/2010,0.76839
5/6/2010,-4.19762
5/7/2010,-1.89096
5/10/2010,0.38536
5/11/2010,-1.91502
5/12/2010,0.30698
5/13/2010,2.04248
5/14/2010,-0.5134
5/17/2010,-5.20229
5/18/2010,1.35218
5/19/2010,-0.26898
5/20/2010,-1.23919
5/21/2010,1.07327
5/24/2010,3.42057
5/25/2010,-1.91809
5/26/2010,0.12042
5/27/2010,1.14093
5/28/2010,-0.00565
5/31/2010,-2.4247
6/1/2010,-0.92512
6/2/2010,0.12219
6/3/2010,-0.73223
6/4/2010,0.03643
6/7/2010,-1.65285
6/8/2010,0.08835
6/9/2010,2.74331
6/10/2010,-0.82737
6/11/2010,0.2868
6/14/2010,0
6/15/2010,0
6/16/2010,0
6/17/2010,-0.37776
6/18/2010,-1.85401
6/21/2010,2.86287
6/22/2010,0.09623
6/23/2010,-0.73005
6/24/2010,-0.12148
6/25/2010,-0.54419
6/28/2010,-0.68945
6/29/2010,-4.36276
6/30/2010,-1.18872
7/1/2010,-1.03015
7/2/2010,0.38304
7/5/2010,-0.79843
7/6/2010,1.90521
7/7/2010,0.48442
7/8/2010,-0.24688
7/9/2010,2.28292
7/12/2010,0.79813
7/13/2010,-1.63654
7/14/2010,0.81899
7/15/2010,-1.88534
7/16/2010,-0.00124
7/19/2010,2.08796
7/20/2010,2.13071
7/21/2010,0.26303
7/22/2010,1.06008
7/23/2010,0.37472
7/26/2010,0.64526
7/27/2010,-0.51549
7/28/2010,2.23813
7/29/2010,0.54754
7/30/2010,-0.40185
8/2/2010,1.31903
8/3/2010,-1.71793
8/4/2010,0.43756
8/5/2010,-0.67538
8/6/2010,1.42563
8/9/2010,0.53049
8/10/2010,-2.9335
8/11/2010,0.47014
8/12/2010,-1.2356
8/13/2010,1.20491
8/16/2010,2.08837
8/17/2010,0.38173
8/18/2010,-0.20943
8/19/2010,0.80982
8/20/2010,-1.71364
8/23/2010,-0.11133
8/24/2010,0.41364
8/25/2010,-2.04814
8/26/2010,0.26538
8/27/2010,0.27847
8/30/2010,1.59292
8/31/2010,-0.52386
9/1/2010,-0.60513
9/2/2010,1.24654
9/3/2010,-0.01469
9/6/2010,1.52704
9/7/2010,0.07823
9/8/2010,-0.11384
9/9/2010,-1.45528
9/10/2010,0.25792
9/13/2010,0.93843
9/14/2010,0.00744
9/15/2010,-1.34883
9/16/2010,-1.90416
9/17/2010,-0.14535
9/20/2010,-0.38478
9/21/2010,0.10965
9/22/2010,0
9/23/2010,0
9/24/2010,0
9/27/2010,1.39555
9/28/2010,-0.63444
9/29/2010,-0.02566
9/30/2010,1.70825
10/1/2010,0
10/4/2010,0
10/6/2010,0
10/7/2010,0
10/8/2010,3.08047
10/11/2010,2.4597
10/12/2010,1.22055
10/13/2010,0.69966
10/14/2010,0.63683
10/15/2010,3.12872
10/18/2010,-0.5376
10/19/2010,1.56523
10/20/2010,0.06993
10/21/2010,-0.68209
10/22/2010,-0.28497
10/25/2010,2.53496
10/26/2010,-0.32431
10/27/2010,-1.47355
10/28/2010,-0.14926
10/29/2010,-0.46053
11/1/2010,2.49281
11/2/2010,-0.28166
11/3/2010,-0.47528
11/4/2010,1.8291
11/5/2010,1.36929
11/8/2010,0.95437
11/9/2010,-0.77878
11/10/2010,-0.62845
11/11/2010,1.034
11/12/2010,-5.29376
11/15/2010,0.9657
11/16/2010,-4.05779
11/17/2010,-1.94236
11/18/2010,0.93228
11/19/2010,0.80362
11/22/2010,-0.14551
11/23/2010,-1.96378
11/24/2010,1.11319
11/25/2010,1.33099
11/26/2010,-0.92064
11/29/2010,-0.18613
11/30/2010,-1.62422
12/1/2010,0.11588
12/2/2010,0.71148
12/3/2010,-0.04151
12/6/2010,0.51758
12/7/2010,0.65166
12/8/2010,-0.95417
12/9/2010,-1.32876
12/10/2010,1.06477
12/13/2010,2.84232
12/14/2010,0.1412
12/15/2010,-0.53678
12/16/2010,-0.45683
12/17/2010,-0.15194
12/20/2010,-1.42068
12/21/2010,1.77839
12/22/2010,-0.90661
12/23/2010,-0.7912
12/24/2010,-0.70505
12/27/2010,-1.9144
12/28/2010,-1.75582
12/29/2010,0.67609
12/30/2010,0.29177
12/31/2010,1.74261
1/3/2011,0
1/4/2011,1.57474
1/5/2011,-0.49409
1/6/2011,-0.50823
1/7/2011,0.51563
1/10/2011,-1.66913
1/11/2011,0.43747
1/12/2011,0.6133
1/13/2011,0.22694
1/14/2011,-1.29454
1/17/2011,-3.08064
1/18/2011,0.08568
1/19/2011,1.79699
1/20/2011,-2.96025
1/21/2011,1.39592
1/24/2011,-0.72334
1/25/2011,-0.6808
1/26/2011,1.1652
1/27/2011,1.47823
1/28/2011,0.13086
1/31/2011,1.36885
2/1/2011,0.2959
2/2/2011,0.01572
2/3/2011,0
2/4/2011,0
2/7/2011,0
2/8/2011,0
2/9/2011,-0.90932
2/10/2011,1.57722
2/11/2011,0.32486
2/14/2011,2.50779
2/15/2011,0.00379
2/16/2011,0.84697
2/17/2011,0.1046
2/18/2011,-0.9326
2/21/2011,1.11317
2/22/2011,-2.65161
2/23/2011,0.24868
2/24/2011,0.55633
2/25/2011,-0.00139
2/28/2011,0.91604
3/1/2011,0.47631
3/2/2011,-0.17522
3/3/2011,-0.37237
3/4/2011,1.34572
3/7/2011,1.81532
3/8/2011,0.12441
3/9/2011,0.07364
3/10/2011,-1.51061
3/11/2011,-0.79241
3/14/2011,0.13046
3/15/2011,-1.41829
3/16/2011,1.18552
3/17/2011,-1.14962
3/18/2011,0.33045
3/21/2011,0.07737
3/22/2011,0.34315
3/23/2011,1.00007
3/24/2011,-0.06005
3/25/2011,1.04988
3/28/2011,0.20766
3/29/2011,-0.87243
3/30/2011,-0.07812
3/31/2011,-0.9402
4/1/2011,1.33324
4/6/2011,1.1376
4/7/2011,0.218
4/8/2011,0.73237
4/11/2011,-0.24022
4/12/2011,-0.04566
4/13/2011,0.95624
4/14/2011,-0.25472
4/15/2011,0.25898
4/18/2011,0.22266
4/19/2011,-1.92497
4/20/2011,0.2664
4/21/2011,0.65068
4/22/2011,-0.53502
4/25/2011,-1.52527
4/26/2011,-0.87976
4/27/2011,-0.46279
4/28/2011,-1.32029
4/29/2011,0.84401
5/3/2011,0.70777
5/4/2011,-2.28253
5/5/2011,0.22236
5/6/2011,-0.29671
5/9/2011,0.2988
5/10/2011,0.63057
5/11/2011,-0.24974
5/12/2011,-1.37374
5/13/2011,0.94312
5/16/2011,-0.76782
5/17/2011,0.12978
5/18/2011,0.69863
5/19/2011,-0.46055
5/20/2011,-0.03882
5/23/2011,-2.97872
5/24/2011,-0.27104
5/25/2011,-0.91926
5/26/2011,-0.19021
5/27/2011,-0.97605
5/30/2011,-0.13256
5/31/2011,1.3619
6/1/2011,0.00364
6/2/2011,-1.40915
6/3/2011,0.84076
6/7/2011,0.595
6/8/2011,0.21803
6/9/2011,-1.72183
6/10/2011,0.06656
6/13/2011,-0.17612
6/14/2011,1.09238
6/15/2011,-0.90554
6/16/2011,-1.5327
6/17/2011,-0.80873
6/20/2011,-0.81952
6/21/2011,0.95792
6/22/2011,0.10725
6/23/2011,1.45874
6/24/2011,2.13314
6/27/2011,0.43674
6/28/2011,0.03516
6/29/2011,-1.11961
6/30/2011,1.22393
7/1/2011,-0.09853
7/4/2011,1.91888
7/5/2011,0.12542
7/6/2011,-0.20864
7/7/2011,-0.57844
7/8/2011,0.12518
7/11/2011,0.1757
7/12/2011,-1.73147
7/13/2011,1.47388
7/14/2011,0.53372
7/15/2011,0.34561
7/18/2011,-0.12347
7/19/2011,-0.70222
7/20/2011,-0.09908
7/21/2011,-1.0187
7/22/2011,0.177
7/25/2011,-3.00561
7/26/2011,0.5297
7/27/2011,0.75408
7/28/2011,-0.54158
7/29/2011,-0.2606
8/1/2011,0.07585
8/2/2011,-0.91102
8/3/2011,-0.02874
8/4/2011,0.20699
8/5/2011,-2.17014
8/8/2011,-3.86601
8/9/2011,-0.02969
8/10/2011,0.9107
8/11/2011,1.26028
8/12/2011,0.45066
8/15/2011,1.28739
8/16/2011,-0.71061
8/17/2011,-0.26529
8/18/2011,-1.61957
8/19/2011,-0.98591
8/22/2011,-0.73264
8/23/2011,1.50539
8/24/2011,-0.50755
8/25/2011,2.87704
8/26/2011,-0.11746
8/29/2011,-1.3792
8/30/2011,-0.38188
8/31/2011,0.02922
9/1/2011,-0.44112
9/2/2011,-1.092
9/5/2011,-1.97889
9/6/2011,-0.33217
9/7/2011,1.82775
9/8/2011,-0.68395
9/9/2011,-0.04763
9/13/2011,-1.0646
9/14/2011,0.54599
9/15/2011,-0.23288
9/16/2011,0.13262
9/19/2011,-1.81098
9/20/2011,0.40773
9/21/2011,2.62921
9/22/2011,-2.821
9/23/2011,-0.40605
9/26/2011,-1.65678
9/27/2011,0.9097
9/28/2011,-0.95651
9/29/2011,-1.12331
9/30/2011,-0.25907
10/10/2011,-0.61352
10/11/2011,0.15895
10/12/2011,2.99822
10/13/2011,0.77345
10/14/2011,-0.3043
10/17/2011,0.3703
10/18/2011,-2.35962
10/19/2011,-0.25121
10/20/2011,-1.95976
10/21/2011,-0.60663
10/24/2011,2.26394
10/25/2011,1.64606
10/26/2011,0.73639
10/27/2011,0.33436
10/28/2011,1.54005
10/31/2011,-0.20884
11/1/2011,0.07169
11/2/2011,1.37071
11/3/2011,0.15881
11/4/2011,0.80217
11/7/2011,-0.73401
11/8/2011,-0.23775
11/9/2011,0.83838
11/10/2011,-1.81363
11/11/2011,0.06209
11/14/2011,1.90153
11/15/2011,0.04151
11/16/2011,-2.51378
11/17/2011,-0.15862
11/18/2011,-1.90554
11/21/2011,-0.05919
11/22/2011,-0.10398
11/23/2011,-0.7305
11/24/2011,0.10391
11/25/2011,-0.72545
11/28/2011,0.11799
11/29/2011,1.22452
11/30/2011,-3.32872
12/1/2011,2.2648
12/2/2011,-1.10375
12/5/2011,-1.16877
12/6/2011,-0.31422
12/7/2011,0.29279
12/8/2011,-0.12482
12/9/2011,-0.62647
12/12/2011,-1.03022
12/13/2011,-1.89207
12/14/2011,-0.89657
12/15/2011,-2.16001
12/16/2011,1.99474
12/19/2011,-0.29709
12/20/2011,-0.10419
12/21/2011,-1.12457
12/22/2011,-0.22159
12/23/2011,0.84171
12/26/2011,-0.6676
12/27/2011,-1.09727
12/28/2011,0.17527
12/29/2011,0.16346
12/30/2011,1.18273
1/4/2012,-1.37477
1/5/2012,-0.96994
1/6/2012,0.69344
1/9/2012,2.84758
1/10/2012,2.6533
1/11/2012,-0.42483
1/12/2012,-0.0457
1/13/2012,-1.3466
1/16/2012,-1.72514
1/17/2012,4.09375
1/18/2012,-1.40207
1/19/2012,1.30151
1/20/2012,0.99888
1/30/2012,-1.48043
1/31/2012,0.33074
2/1/2012,-1.07572
2/2/2012,1.94215
2/3/2012,0.76891
2/6/2012,0.03132
2/7/2012,-1.69763
2/8/2012,2.39825
2/9/2012,0.08771
2/10/2012,0.10167
2/13/2012,-0.00553
2/14/2012,-0.30149
2/15/2012,0.93093
2/16/2012,-0.41664
2/17/2012,0.01358
2/20/2012,0.27199
2/21/2012,0.75153
2/22/2012,0.92623
2/23/2012,0.24766
2/24/2012,1.24064
2/27/2012,0.30409
2/28/2012,0.19596
2/29/2012,-0.95773
3/1/2012,-0.09805
3/2/2012,1.41526
3/5/2012,-0.63967
3/6/2012,-1.42317
3/7/2012,-0.65179
3/8/2012,1.05877
3/9/2012,0.78935
3/12/2012,-0.18874
3/13/2012,0.85592
3/14/2012,-2.66406
3/15/2012,-0.73285
3/16/2012,1.29624
3/19/2012,0.22596
3/20/2012,-1.39296
3/21/2012,0.0572
3/22/2012,-0.10223
3/23/2012,-1.1102
3/26/2012,0.04511
3/27/2012,-0.1456
3/28/2012,-2.69011
3/29/2012,-1.44238
3/30/2012,0.47088
4/5/2012,1.7284
4/6/2012,0.18703
4/9/2012,-0.90456
4/10/2012,0.87464
4/11/2012,0.13305
4/12/2012,1.7997
4/13/2012,0.35244
4/16/2012,-0.09033
4/17/2012,-0.93947
4/18/2012,1.945
4/19/2012,-0.09329
4/20/2012,1.17983
4/23/2012,-0.76198
4/24/2012,0.01005
4/25/2012,0.74985
4/26/2012,-0.08771
4/27/2012,-0.34909
5/2/2012,1.74243
5/3/2012,0.06723
5/4/2012,0.48773
5/7/2012,-0.00245
5/8/2012,-0.12528
5/9/2012,-1.65893
5/10/2012,0.06807
5/11/2012,-0.63473
5/14/2012,-0.59677
5/15/2012,-0.24771
5/16/2012,-1.21373
5/17/2012,1.38413
5/18/2012,-1.45533
5/21/2012,0.1611
5/22/2012,1.05939
5/23/2012,-0.41674
5/24/2012,-0.52902
5/25/2012,-0.74373
5/28/2012,1.18512
5/29/2012,1.19008
5/30/2012,-0.2082
5/31/2012,-0.52303
6/1/2012,0.05099
6/4/2012,-2.77208
6/5/2012,0.14587
6/6/2012,-0.10256
6/7/2012,-0.7135
6/8/2012,-0.51065
6/11/2012,1.06425
6/12/2012,-0.69936
6/13/2012,1.26414
6/14/2012,-0.99549
6/15/2012,0.47363
6/18/2012,0.39802
6/19/2012,-0.66106
6/20/2012,-0.34439
6/21/2012,-1.40546
6/25/2012,-1.63973
6/26/2012,-0.09176
6/27/2012,-0.23158
6/28/2012,-0.95587
6/29/2012,1.33855
7/2/2012,0.03055
7/3/2012,0.13826
7/4/2012,-0.08437
7/5/2012,-1.17238
7/6/2012,1.00477
7/9/2012,-2.40181
7/10/2012,-0.29387
7/11/2012,0.50417
7/12/2012,0.46367
7/13/2012,0.01876
7/16/2012,-1.75091
7/17/2012,0.61404
7/18/2012,0.36533
7/19/2012,0.72303
7/20/2012,-0.74424
7/23/2012,-1.26404
7/24/2012,0.24207
7/25/2012,-0.48754
7/26/2012,-0.47629
7/27/2012,0.12974
7/30/2012,-0.88944
7/31/2012,-0.29809
8/1/2012,0.93353
8/2/2012,-0.57527
8/3/2012,1.01886
8/6/2012,1.03179
8/7/2012,0.12522
8/8/2012,0.15607
8/9/2012,0.60483
8/10/2012,-0.24362
8/13/2012,-1.52063
8/14/2012,0.30103
8/15/2012,-1.1062
8/16/2012,-0.31906
8/17/2012,0.12727
8/20/2012,-0.37567
8/21/2012,0.53536
8/22/2012,-0.49977
8/23/2012,0.25398
8/24/2012,-0.99735
8/27/2012,-1.75471
8/28/2012,0.84479
8/29/2012,-0.96502
8/30/2012,-0.03215
8/31/2012,-0.24682
9/3/2012,0.5664
9/4/2012,-0.75559
9/5/2012,-0.29255
9/6/2012,0.6964
9/7/2012,3.62938
9/10/2012,0.33453
9/11/2012,-0.67396
9/12/2012,0.28255
9/13/2012,-0.76329
9/14/2012,0.63625
9/17/2012,-2.1584
9/18/2012,-0.91638
9/19/2012,0.40171
9/20/2012,-2.10091
9/21/2012,0.09132
9/24/2012,0.32021
9/25/2012,-0.192
9/26/2012,-1.2456
9/27/2012,2.5688
9/28/2012,1.44119
10/8/2012,-0.56483
10/9/2012,1.9482
10/10/2012,0.22242
10/11/2012,-0.80847
10/12/2012,0.09791
10/15/2012,-0.29641
10/16/2012,0.00524
10/17/2012,0.32394
10/18/2012,1.23051
10/19/2012,-0.15916
10/22/2012,0.20934
10/23/2012,-0.86222
10/24/2012,0.07281
10/25/2012,-0.68333
10/26/2012,-1.69734
10/29/2012,-0.35247
10/30/2012,0.16548
10/31/2012,0.31613
11/1/2012,1.70372
11/2/2012,0.5979
11/5/2012,-0.14275
11/6/2012,-0.38057
11/7/2012,-0.01282
11/8/2012,-1.63844
11/9/2012,-0.11786
11/12/2012,0.49176
11/13/2012,-1.52069
11/14/2012,0.36702
11/15/2012,-1.23016
11/16/2012,-0.76984
11/19/2012,0.11211
11/20/2012,-0.40041
11/21/2012,1.05962
11/22/2012,-0.72715
11/23/2012,0.58224
11/26/2012,-0.4905
11/27/2012,-1.31169
11/28/2012,-0.89037
11/29/2012,-0.50952
11/30/2012,0.84339
12/3/2012,-1.03303
12/4/2012,0.78122
12/5/2012,2.8337
12/6/2012,-0.13149
12/7/2012,1.59132
12/10/2012,1.06042
12/11/2012,-0.43622
12/12/2012,0.3863
12/13/2012,-1.02554
12/14/2012,4.2332
12/17/2012,0.45094
12/18/2012,0.09808
12/19/2012,-0.01017
12/20/2012,0.28218
12/21/2012,-0.69603
12/24/2012,0.26621
12/25/2012,2.49564
12/26/2012,0.24906
12/27/2012,-0.59796
12/28/2012,1.23223
12/31/2012,1.59386
1/4/2013,0.34579
1/7/2013,0.36692
1/8/2013,-0.40733
1/9/2013,-0.03208
1/10/2013,0.36499
1/11/2013,-1.79652
1/14/2013,3.01862
1/15/2013,0.6012
1/16/2013,-0.69814
1/17/2013,-1.07044
1/18/2013,1.39768
1/21/2013,0.48006
1/22/2013,-0.56339
1/23/2013,0.24892
1/24/2013,-0.79204
1/25/2013,-0.49196
1/28/2013,2.38055
1/29/2013,0.53045
1/30/2013,0.99126
1/31/2013,0.12332
2/1/2013,1.39873
2/4/2013,0.37672
2/5/2013,0.20488
2/6/2013,0.05547
2/7/2013,-0.65733
2/8/2013,0.57185
2/18/2013,-0.44665
2/19/2013,-1.60895
2/20/2013,0.59706
2/21/2013,-3.01645
2/22/2013,-0.50818
2/25/2013,0.50259
2/26/2013,-1.40634
2/27/2013,0.86312
2/28/2013,2.2387
3/1/2013,-0.25735
3/4/2013,-3.71775
3/5/2013,2.30068
3/6/2013,0.89313
3/7/2013,-0.98
3/8/2013,-0.24467
3/11/2013,-0.3465
3/12/2013,-1.04369
3/13/2013,-0.99461
3/14/2013,0.27833
3/15/2013,0.35703
3/18/2013,-1.69886
3/19/2013,0.77422
3/20/2013,2.62059
3/21/2013,0.29602
3/22/2013,0.17367
3/25/2013,-0.06702
3/26/2013,-1.2564
3/27/2013,0.15612
3/28/2013,-2.86341
3/29/2013,0.01431
4/1/2013,-0.09931
4/2/2013,-0.29851
4/3/2013,-0.11004
4/8/2013,-0.61755
4/9/2013,0.63912
4/10/2013,0.01617
4/11/2013,-0.29602
4/12/2013,-0.577
4/15/2013,-1.13201
4/16/2013,0.58993
4/17/2013,-0.04785
4/18/2013,0.17307
4/19/2013,2.11793
4/22/2013,-0.1101
4/23/2013,-2.60389
4/24/2013,1.53449
4/25/2013,-0.86065
4/26/2013,-0.9778
5/2/2013,-0.17417
5/3/2013,1.43303
5/6/2013,1.15719
5/7/2013,0.19701
5/8/2013,0.47882
5/9/2013,-0.59519
5/10/2013,0.61878
5/13/2013,-0.21877
5/14/2013,-1.11732
5/15/2013,0.35076
5/16/2013,1.20673
5/17/2013,1.36991
5/20/2013,0.74714
5/21/2013,0.22236
5/22/2013,-0.11763
5/23/2013,-1.16775
5/24/2013,0.56352
5/27/2013,0.19862
5/28/2013,1.22401
5/29/2013,0.11625
5/30/2013,-0.27016
5/31/2013,-0.74313
6/3/2013,-0.05826
6/4/2013,-1.17376
6/5/2013,-0.06559
6/6/2013,-1.27721
6/7/2013,-1.40177
6/13/2013,-2.86996
6/14/2013,0.63521
6/17/2013,-0.26955
6/18/2013,0.14228
6/19/2013,-0.73628
6/20/2013,-2.8118
6/21/2013,-0.52585
6/24/2013,-5.44492
6/25/2013,-0.18966
6/26/2013,-0.41013
6/27/2013,-0.07587
6/28/2013,1.48633
7/1/2013,0.80666
7/2/2013,0.56575
7/3/2013,-0.61437
7/4/2013,0.59145
7/5/2013,0.05482
7/8/2013,-2.46793
7/9/2013,0.36598
7/10/2013,2.14827
7/11/2013,3.17881
7/12/2013,-1.62922
7/15/2013,0.971
7/16/2013,0.3069
7/17/2013,-1.01202
7/18/2013,-1.05794
7/19/2013,-1.53139
7/22/2013,0.60589
7/23/2013,1.93256
7/24/2013,-0.51751
7/25/2013,-0.59983
7/26/2013,-0.5119
7/29/2013,-1.7326
7/30/2013,0.69333
7/31/2013,0.18776
8/1/2013,1.75352
8/2/2013,0.01725
8/5/2013,1.03239
8/6/2013,0.48748
8/7/2013,-0.66808
8/8/2013,-0.09189
8/9/2013,0.3583
8/12/2013,2.36148
8/13/2013,0.23197
8/14/2013,-0.28624
8/15/2013,-0.87327
8/16/2013,-0.64718
8/19/2013,0.8257
8/20/2013,-0.62576
8/21/2013,0.01785
8/22/2013,-0.28212
8/23/2013,-0.46841
8/26/2013,1.87828
8/27/2013,0.33809
8/28/2013,-0.10797
8/29/2013,-0.19388
8/30/2013,0.05482
9/2/2013,0.00334
9/3/2013,1.1683
9/4/2013,0.2122
9/5/2013,-0.24423
9/6/2013,0.82395
9/9/2013,3.3331
9/10/2013,1.14415
9/11/2013,0.1469
9/12/2013,0.63733
9/13/2013,-0.86291
9/16/2013,-0.21577
9/17/2013,-2.07571
9/18/2013,0.28738
9/23/2013,1.32296
9/24/2013,-0.61013
9/25/2013,-0.40944
9/26/2013,-1.96133
9/27/2013,0.19556
9/30/2013,0.67548
10/8/2013,1.07619
10/9/2013,0.61543
10/10/2013,-0.9467
10/11/2013,1.68455
10/14/2013,0.43082
10/15/2013,-0.19503
10/16/2013,-1.82272
10/17/2013,-0.20677
10/18/2013,0.23914
10/21/2013,1.60346
10/22/2013,-0.83741
10/23/2013,-1.25361
10/24/2013,-0.86442
10/25/2013,-1.45955
10/28/2013,0.04265
10/29/2013,-0.23506
10/30/2013,1.47345
10/31/2013,-0.87633
11/1/2013,0.37053
11/4/2013,0.00326
11/5/2013,0.35339
11/6/2013,-0.82061
11/7/2013,-0.47833
11/8/2013,-1.09881
11/11/2013,0.15846
11/12/2013,0.81677
11/13/2013,-1.84265
11/14/2013,0.60022
11/15/2013,1.66752
11/18/2013,2.83376
11/19/2013,-0.18677
11/20/2013,0.61322
11/21/2013,-0.03807
11/22/2013,-0.42661
11/25/2013,-0.46868
11/26/2013,-0.13916
11/27/2013,0.82115
11/28/2013,0.82798
11/29/2013,0.0509
12/2/2013,-0.59306
12/3/2013,0.69074
12/4/2013,1.3003
12/5/2013,-0.20894
12/6/2013,-0.44378
12/9/2013,0.04871
12/10/2013,-0.03173
12/11/2013,-1.50037
12/12/2013,-0.06217
12/13/2013,-0.30599
12/16/2013,-1.61631
12/17/2013,-0.45362
12/18/2013,-0.13025
12/19/2013,-0.95836
12/20/2013,-2.04158
12/23/2013,0.23572
12/24/2013,0.15301
12/25/2013,0.64011
12/26/2013,-1.59115
12/27/2013,1.34873
12/30/2013,-0.17719
12/31/2013,0.87576
1/2/2014,-0.31193
1/3/2014,-1.25224
1/6/2014,-1.81315
1/7/2014,0.07867
1/8/2014,-0.14566
1/9/2014,-0.82123
1/10/2014,-0.70875
1/13/2014,-0.18594
1/14/2014,0.85621
1/15/2014,-0.17234
1/16/2014,0.0173
1/17/2014,-0.93084
1/20/2014,-0.68565
1/21/2014,0.8531
1/22/2014,2.13995
1/23/2014,-0.46752
1/24/2014,0.59611
1/27/2014,-1.03189
1/28/2014,0.25591
1/29/2014,0.55767
1/30/2014,-0.8244
2/7/2014,0.56014
2/10/2014,2.01287
2/11/2014,0.84015
2/12/2014,0.29856
2/13/2014,-0.54938
2/14/2014,0.82815
2/17/2014,0.92067
2/18/2014,-0.7686
2/19/2014,1.10194
2/20/2014,-0.17611
2/21/2014,-1.18003
2/24/2014,-1.766
2/25/2014,-2.06628
2/26/2014,0.34499
2/27/2014,0.29839
2/28/2014,0.4362
3/3/2014,0.91686
3/4/2014,-0.18183
3/5/2014,-0.89174
3/6/2014,0.3161
3/7/2014,-0.08112
3/10/2014,-2.90138
3/11/2014,0.10499
3/12/2014,-0.17355
3/13/2014,1.06653
3/14/2014,-0.7342
3/17/2014,0.95979
3/18/2014,0.07558
3/19/2014,-0.17149
3/20/2014,-1.40717
3/21/2014,2.67963
3/24/2014,0.90717
3/25/2014,0.04984
3/26/2014,-0.17623
3/27/2014,-0.8311
3/28/2014,-0.23873
3/31/2014,-0.41227
4/1/2014,0.6935
4/2/2014,0.56156
4/3/2014,-0.74537
4/4/2014,0.7376
4/8/2014,1.89801
4/9/2014,0.33115
4/10/2014,1.37092
4/11/2014,-0.17633
4/14/2014,0.04693
4/15/2014,-1.41458
4/16/2014,0.16735
4/17/2014,-0.29638
4/18/2014,-0.05433
4/21/2014,-1.53333
4/22/2014,0.33827
4/23/2014,-0.26327
4/24/2014,-0.50189
4/25/2014,-1.00207
4/28/2014,-1.63518
4/29/2014,0.83752
4/30/2014,0.29753
5/5/2014,0.04884
5/6/2014,0.03403
5/7/2014,-0.88953
5/8/2014,0.25787
5/9/2014,-0.20515
5/12/2014,2.05371
5/13/2014,-0.1043
5/14/2014,-0.13761
5/15/2014,-1.12649
5/16/2014,0.07553
5/19/2014,-1.05763
5/20/2014,0.14651
5/21/2014,0.8346
5/22/2014,-0.18091
5/23/2014,0.65486
5/26/2014,0.33905
5/27/2014,-0.33955
5/28/2014,0.76724
5/29/2014,-0.4713
5/30/2014,-0.06765
6/3/2014,-0.04414
6/4/2014,-0.66353
6/5/2014,0.78953
6/6/2014,-0.5365
6/9/2014,0.0266
6/10/2014,1.07911
6/11/2014,0.11783
6/12/2014,-0.15779
6/13/2014,0.92228
6/16/2014,0.73424
6/17/2014,-0.92856
6/18/2014,-0.54243
6/19/2014,-1.55865
6/20/2014,0.14517
6/23/2014,-0.11405
6/24/2014,0.47163
6/25/2014,-0.41533
6/26/2014,0.6486
6/27/2014,-0.1065
6/30/2014,0.57873
7/1/2014,0.10003
7/2/2014,0.43992
7/3/2014,0.18483
7/4/2014,-0.18677
7/7/2014,0.0267
7/8/2014,0.19835
7/9/2014,-1.23873
7/10/2014,-0.01325
7/11/2014,0.422
7/14/2014,0.95732
7/15/2014,0.17936
7/16/2014,-0.14888
7/17/2014,-0.56708
7/18/2014,0.16915
7/21/2014,-0.22316
7/22/2014,1.01697
7/23/2014,0.14492
7/24/2014,1.27023
7/25/2014,1.01852
7/28/2014,2.38549
7/29/2014,0.2403
7/30/2014,-0.08936
7/31/2014,0.92727
8/1/2014,-0.74131
8/4/2014,1.7253
8/5/2014,-0.15214
8/6/2014,-0.11178
8/7/2014,-1.35299
8/8/2014,0.30853
8/11/2014,1.36773
8/12/2014,-0.13764
8/13/2014,0.05805
8/14/2014,-0.74097
8/15/2014,0.91402
8/18/2014,0.57051
8/19/2014,0.26133
8/20/2014,-0.22829
8/21/2014,-0.43618
8/22/2014,0.46296
8/25/2014,-0.51632
8/26/2014,-0.99902
8/27/2014,0.10687
8/28/2014,-0.61971
8/29/2014,0.96896
9/1/2014,0.82243
9/2/2014,1.35688
9/3/2014,0.99152
9/4/2014,0.79339
9/5/2014,0.84476
9/9/2014,0.0043
9/10/2014,-0.35437
9/11/2014,-0.28596
9/12/2014,0.87303
9/15/2014,0.30785
9/16/2014,-1.83753
9/17/2014,0.49257
9/18/2014,0.34776
9/19/2014,0.58209
9/22/2014,-1.71371
9/23/2014,0.86313
9/24/2014,1.45491
9/25/2014,0.06526
9/26/2014,0.11166
9/29/2014,0.42462
9/30/2014,0.26093
10/8/2014,0.7972
10/9/2014,0.27577
10/10/2014,-0.6226
10/13/2014,-0.35987
10/14/2014,-0.27637
10/15/2014,0.5996
10/16/2014,-0.72598
10/17/2014,-0.65224
10/20/2014,0.662
10/21/2014,-0.72694
10/22/2014,-0.56191
10/23/2014,-1.04257
10/24/2014,-0.00608
10/27/2014,-0.5156
10/28/2014,2.04963
10/29/2014,1.49274
10/30/2014,0.75775
10/31/2014,1.20968
11/3/2014,0.40617
11/4/2014,0.02675
11/5/2014,-0.47135
11/6/2014,0.27285
11/7/2014,-0.3175
11/10/2014,2.26918
11/11/2014,-0.16183
11/12/2014,0.99958
11/13/2014,-0.35622
11/14/2014,-0.27355
11/17/2014,-0.19423
11/18/2014,-0.71557
11/19/2014,-0.21926
11/20/2014,0.06811
11/21/2014,1.38196
11/24/2014,1.83643
11/25/2014,1.36146
11/26/2014,1.42077
11/27/2014,0.99909
11/28/2014,1.97021
12/1/2014,-0.09957
12/2/2014,3.0636
12/3/2014,0.57658
12/4/2014,4.22463
12/5/2014,1.30854
12/8/2014,2.7733
12/9/2014,-5.58263
12/10/2014,2.88964
12/11/2014,-0.48655
12/12/2014,0.42395
12/15/2014,0.51769
12/16/2014,2.27962
12/17/2014,1.29882
12/18/2014,-0.11441
12/19/2014,1.65683
12/22/2014,0.60455
12/23/2014,-3.07943
12/24/2014,-2.00102
12/25/2014,3.30911
12/26/2014,2.73077
12/29/2014,0.32945
12/30/2014,-0.06978
12/31/2014,2.15211
1/5/2015,3.51856
1/6/2015,0.02775
1/7/2015,0.66911
1/8/2015,-2.41455
1/9/2015,-0.24472
1/12/2015,-1.72199
1/13/2015,0.18501
1/14/2015,-0.39828
1/15/2015,3.47715
1/16/2015,1.19293
1/19/2015,-8.01772
1/20/2015,1.80308
1/21/2015,4.63583
1/22/2015,0.59188
1/23/2015,0.25153
1/26/2015,0.93305
1/27/2015,-0.89726
1/28/2015,-1.41832
1/29/2015,-1.32279
1/30/2015,-1.60494
2/2/2015,-2.58934
2/3/2015,2.41943
2/4/2015,-0.96504
2/5/2015,-1.19165
2/6/2015,-1.95163
2/9/2015,0.62259
2/10/2015,1.49024
2/11/2015,0.51149
2/12/2015,0.4966
2/13/2015,0.95371
2/16/2015,0.5767
2/17/2015,0.75898
2/25/2015,-0.55808
2/26/2015,2.13024
2/27/2015,0.36134
3/2/2015,0.78176
3/3/2015,-2.21941
3/4/2015,0.50378
3/5/2015,-0.95129
3/6/2015,-0.22466
3/9/2015,1.8712
3/10/2015,-0.49602
3/11/2015,0.14688
3/12/2015,1.75963
3/13/2015,0.70185
3/16/2015,2.23954
3/17/2015,1.54056
3/18/2015,2.10314
3/19/2015,0.13884
3/20/2015,0.97367
3/23/2015,1.92777
3/24/2015,0.09974
3/25/2015,-0.83459
3/26/2015,0.58179
3/27/2015,0.2444
3/30/2015,2.55361
3/31/2015,-1.02649
4/1/2015,1.65096
4/2/2015,0.40571
4/3/2015,0.99224
4/7/2015,2.49076
4/8/2015,0.84036
4/9/2015,-0.93759
4/10/2015,1.92152
4/13/2015,2.14328
4/14/2015,0.33546
4/15/2015,-1.25067
4/16/2015,2.67344
4/17/2015,2.18067
4/20/2015,-1.65142
4/21/2015,1.79873
4/22/2015,2.41311
4/23/2015,0.36355
4/24/2015,-0.47274
4/27/2015,2.99784
4/28/2015,-1.13711
4/29/2015,0.00916
4/30/2015,-0.78424
5/4/2015,0.86998
5/5/2015,-4.14107
